1011651;COMOLI FERRARI & C. SPA;4;;;;www.se.com;VIA BERGAMO 15/A;24035;CURNO;Bergamo;italy;
1011665;ELETTROVENETA SPA;4;;;;www.se.com;VIA MILANO, 93;61122;PESARO;Pesaro-Urbino;italy;
1011680;ELETTROVENETA SPA;4;;;;www.se.com;VIA TERRACINI, 25;62012;CIVITANOVA MARCHE;Macerata;italy;
1011705;MARCHIOL SPA;4;;;;www.se.com;VIA BELLUNO, 38;32036;SEDICO;;italy;
1011714;MARCHIOL SPA;4;;;;www.se.com;VIA CAVALIERI DI VITTORIO VENETO, 9;32032;FELTRE;;italy;
1011722;MARCHIOL SPA;4;;;;www.se.com;VIA DELLE PRESE, 27;36014;SANTORSO;Vicenza;italy;
1011752;COMOLI FERRARI & C. SPA;4;;;;www.se.com;VIA ACHILLE GRANDI 4;20056;TREZZO SULL'ADDA;Milano;italy;
1011758;MEF SRL;4;;;;www.se.com;VIA VARIANTE AURELIA LOTTO 4;19038;SARZANA;La Spezia;italy;
1011762;MEF SRL;4;;;;www.se.com;VIA SILICELLA 55;00169;ROMA;Roma;italy;
1011777;MEF SRL VITERBO;4;;;;www.se.com;VIA FONTECEDRO 9;01100;VITERBO;Viterbo;italy;
1011841;SACCHI GIUSEPPE SPA;4;;;;www.se.com;VIA VANONI 25;23010;PIANTEDO;Sondrio;italy;
1011860;SIME VIGNUDA SPA;4;;;;www.se.com;VIA NUOVA DI CORVA, 115/A;33170;PORDENONE;Pordenone;italy;
1011862;SIME VIGNUDA SPA;4;;;;www.se.com;VIA DEL LAVORO, 34;36016;THIENE;Vicenza;italy;
1011864;SIME VIGNUDA SPA;4;;;;www.se.com;VIA EDISON, 3;31020;VILLORBA;Treviso;italy;
1011867;SIMEVIGNUDA SPA   .;4;;;;www.se.com;VIA TORRICELLI 9;37135;VERONA;Verona;italy;
1011871;SONEPAR ITALIA SPA;4;;;;www.se.com;VIA NAPOLI 348;80053;CASTELLAMMARE DI STABIA;Napoli;italy;
1011880;SONEPAR ITALIA SPA;4;;;;www.se.com;VIA DEL COMMERCIO, 8;36100;VICENZA;Vicenza;italy;
1011907;COMOLI FERRARI & C. SPA;4;;;;www.se.com;STRADA STATALE 62 DELLA CISA 10;46030;CERESE DI VIRGILIO;Mantova;italy;
1011940;COMOLI FERRARI & C. SPA;4;;;;www.se.com;SAN F.D'ASSISI 14 LOC.MADONNINA;25018;MONTICHIARI;Brescia;italy;
1011966;SONEPAR ITALIA SPA - PORTO MANTOVANO;4;;;;www.se.com;VIA ATENE 31;46047;Porto Mantovano;Mantova;italy;
1011975;COMOLI FERRARI & C. SPA;4;;;;www.se.com;V.DEL COMMERCIO 6 - S. GRATO;26900;LODI;;italy;
1011981;COMOLI FERRARI & C. SPA;4;;;;www.se.com;VIA M. MULLER 100;28921;VERBANIA;Verbania;italy;
1011991;COMOLI FERRARI & C. SPA;4;;;;www.se.com;VIA DOLOMITI 9;13048;SANTHIA';Vercelli;italy;
1011998;COMOLI FERRARI & C. SPA;4;;;;www.se.com;VIA MOLINARI ANG. VIA BERTINI SN;26845;CODOGNO;;italy;
1012003;COMOLI FERRARI & C. SPA;4;;;;www.se.com;CORSO TRIESTE 136;28100;NOVARA;Novara;italy;
1012004;COMOLI FERRARI & C. SPA;4;;;;www.se.com;VIA CARLO TARGA 4;16124;GENOVA CENTRO;Genova;italy;
1012016;COMOLI FERRARI & C. SPA;4;;;;www.se.com;VIA MAESTRI DEL LAVORO 4/C;12100;CUNEO;Cuneo;italy;
1012031;COMOLI FERRARI & C. SPA;4;;;;www.se.com;STRADA RIVOLTANA KM. 12;20060;LISCATE;Milano;italy;
1012033;3C. IMPIANTI SRL;4;;;;www.se.com;VIA VIII MARZO 8;10095;GRUGLIASCO;Torino;italy;
1012034;A.R. QUADRI SRL;4;;;;www.se.com;VIA CIRO MENOTTI, 50;20862;ARCORE;Monza e della Brianza;italy;
1012035;BARONI ROMANO IMPIANTI ELETTRICI SRL;4;;;;www.se.com;VIA SANDRO PERTINI 12;43036;FIDENZA;Parma;italy;
1012037;FG QUADRI ELETTRICI SRL;4;;;;www.se.com;VIA G. ROSSINI 27/A;35020;ALBIGNASEGO;Padova;italy;
1012041;FPM IMPIANTI SRL;4;;;www.fpmimpianti.it;www.se.com;VIA TORRICELLI 32;37067;VALEGGIO SUL MINCIO;Verona;italy;
1012045;GAMMA ELECTRIC SNC;4;;;;www.se.com;VIA TORQUATO TASSO 7;24020;GORLE;Bergamo;italy;
1012049;GENERAL AUTOMATION SRLS;4;;;;www.se.com;VIA POZZELLE QUARTO, .15;73022;CORIGLIANO D'OTRANTO;Lecce;italy;
1012052;GORI SRL;4;;;;www.se.com;VIA PALMIRO TOGLIATTI 6;50029;IMPRUNETA;Firenze;italy;
1012053;GR.E.CO. Ingegneria & Servizi S.r.l.;4;;;;www.se.com;Via Ortoceraso 2;81057;TEANO;Caserta;italy;
1012061;I.C.I. BRUNI;4;;;;www.se.com;VIA MASSA SAN GIULIANO 255;00132;ROMA;Roma;italy;
1012063;I.E.T. SRL;4;;;;www.se.com;C.SO ALLAMANO 13/W1;10095;GRUGLIASCO;Torino;italy;
1012066;INELTEC S.R.L.;4;;;;www.se.com;VIA DEI MESTIERI,SNC ZONA PAIP 1;75100;Matera;Matera;italy;
1012067;ING SRL PROGETTI;4;;;;www.se.com;VIA G. FALCONE, 12/14/16;24048;TREVIOLO;Bergamo;italy;
1012068;BCB ELECTRIC SRL;4;;;;www.se.com;VIA 1° MAGGIO 4;60010;BARBARA;Ancona;italy;
1012071;Ing. Marotta Mauro;4;;;;www.se.com;Via Contieri, 1;80126;napoli;;italy;
1012074;JS SRL SOCIETA' UNIPERSONALE;4;;;;www.se.com;VIA ALESSANDRO VOLTA 50;30020;NOVENTA DI PIAVE;Venezia;italy;
1012075;KAIROS SOCIETA' DI INGEGNERIA SRL;4;;;;www.se.com;VIA MONTEMARCONE 136/B;66041;Atessa;Chieti;italy;
1012079;BD Elettrica;4;;;;www.se.com;VIA DELLA TECNICA 18;42015;PRATO DI CORREGGIO;Reggio Emilia;italy;
1012081;LANDI SPA;4;;;;www.se.com;STRADA FRANCESCA 2/2A;24040;CISERANO;Bergamo;italy;
1012082;LECTRON SRL;4;;;;www.se.com;VIA DEI BARTOLOTTI 18;48022;SAN LORENZO DI LUGO;;italy;
1012086;M.I.E. MALANGONE SRL;4;;;;www.se.com;VIA MONTE GRAPPA 21/25;84098;PONTECAGNANO FAIANO;Salerno;italy;
1012096;MIRTEC DI MUZZOLON MIRKO;4;;;;www.se.com;VIA DELL'ECONOMIA 31;36030;VICENZA;Vicenza;italy;
1012098;MPTEC;4;;;;www.se.com;VIA MARSURE 7;33170;PORDENONE;Pordenone;italy;
1012105;NUOVA SALSOIMPIANTI SRL;4;;;;www.se.com;LOCALITA' CASE ORSI 23/A;29010;VERNASCA;Piacenza;italy;
1012107;P.P.M. SRL;4;;;;www.se.com;VIA RICCARDO TERZOLO 19;12051;Alba;Cuneo;italy;
1012108;PAOLO BARCHI SRL;4;;;;www.se.com;VIA DINO COL 6/R;16149;GENOVA;Genova;italy;
1012109;Pastoret Engineering & Consulting Srl;4;;;;www.se.com;REG. BORGNALLE 10L;11100;AOSTA;Aosta;italy;
1012111;PERILLO ING. GIUSEPPE;4;;;;www.se.com;Via Cavour, 4;70027;Palo Del Colle;Bari;italy;
1012112;BENIGNIENGINEERING SRL;4;;;;www.se.com;VIA GARIBALDI 115;51013;CHIESINA UZZANESE;Pistoia;italy;
1012119;PRESOTTO ENNIO SRL;4;;;;www.se.com;VIA TALPONEDO 8;33080;PORCIA;Pordenone;italy;
1012123;Bernazzoli Per. Ind. Enzo;4;;;;www.se.com;VIA TITO SPERI;24040;BIENNO;Brescia;italy;
1012124;PROJECAD DI P.I. GHINAUDO DARIO;4;;;;www.se.com;VIA REGINA MARGHERITA 1;10060;CERCENASCO;Torino;italy;
1012126;PSE Srl;4;;;www.psesrl.it;www.se.com;Borgo Udine, 50;33057;Palmanova;Udine;italy;
1012127;PULIMENO s.r.l. PULIMENO GIGI;4;;;;www.se.com;POZZO 67;73022;CORIGLIANO D'OTRANTO;;italy;
1012131;Ranieri Impiantistica srl;4;;;;www.se.com;VIA ZABATTA,25;80044;OTTAVIANO;Napoli;italy;
1012132;RAVEL POWER SRL;4;;;;www.se.com;VIA TAVAGNACCO 83;33100;UDINE;Udine;italy;
1012133;REN SOLUTION Srl;4;;;;www.se.com;VIA MONTI URALI 22;41122;REGGIO EMILIA;Reggio Emilia;italy;
1012134;BM IMPIANTI DI MATTIOLI MAURIZIO;4;;;;www.se.com;VIA TEVERE 12;61030;LUCREZIA DI CARTOCETO;Pesaro-Urbino;italy;
1012137;RUMMO S.T.;4;;;;www.se.com;VIA Guindazzi 12;80040;Pollena Trocchia;Napoli;italy;
1012140;S.I.M.E.Q. SRL;4;;;;www.se.com;VIA EMANUELE GUTTADAURO 14;90143;PALERMO;Palermo;italy;
1012142;S.P.I.M.   S.R.L.;4;;;;www.se.com;VIA CAMILLO OLIVETTI ZONA INDUSTRIALE;71043;MANFREDONIA;Foggia;italy;
1012143;S.T. MENGHINI;4;;;;www.se.com;VIA 1 MAGGIO 16;60131;ANCONA;Ancona;italy;
1012146;BM TECH;4;;;;www.se.com;VIA NAZIONALE DEI GIOVI 77/B;20811;CESANO MADERNO;Milano;italy;
1012147;S.T.CELANI EMIDIO;4;;;;www.se.com;VIA MUTILATI DEL LAVORO, 1;63100;ASCOLI PICENO;Ascoli Piceno;italy;
1012148;S4E SYSTEM SRL;4;;;;www.se.com;V. FERRANTE I.190 C.NAP.EST F3;80146;NAPOLI;Napoli;italy;
1012157;BMG ELETTRIC SNC DI CICOGNANI E BALLARINI;4;;;;www.se.com;VIA DEI GIANDINI 12;26010;OFFANENGO;Cremona;italy;
1012160;SIEMI SRL;4;;;;www.se.com;VIA DEL RISARO,42;00127;Roma;Roma;italy;
1012163;SILECTRA SRL;4;;;;www.se.com;VIA TAZIO NUVOLARI 40;47843;MISANO ADRIATICO;Rimini;italy;
1012167;SISTEMI ELETTRICI SRL;4;;;;www.se.com;VIA P.BORSELLINO 50/52;24050;ZANICA;Bergamo;italy;
1012168;BRACCINI & CARDINI S.R.L. IMPIANTI ELETTRICI;4;;;;www.se.com;P.ZA P. MASCAGNI 96;50127;FIRENZE;Firenze;italy;
1012171;SOLARFLUX SRL;4;;;;www.se.com;CONTRADA CODA DI VOLPE,36;87036;RENDE;Cosenza;italy;
1012174;SORANA QUADRI SRL;4;;;;www.se.com;VIA COLLE MARCHITTO, 1;03039;SORA;Frosinone;italy;
1012176;ST CASTELLI;4;;;;www.se.com;Corso Garibaldi 119;60121;ANCONA;Ancona;italy;
1012177;ST P.I. STRACCIA GABRIELE;4;;;;www.se.com;C.da Tesino, 47;63065;Ripatransone;Ascoli Piceno;italy;
1012181;STAMNOS ENERGY SAS DI FAUSTO PANTANO;4;;;;www.se.com;VIA A.PACINOTTI 5;01100;VITERBO;Viterbo;italy;
1012182;STIEM Engineering;4;;;;www.se.com;Via Cavour 2/A;40055;Villanova di Castensaso;Bologna;italy;
1012183;STR Elettroimpianti s.a.s.;4;;;;www.se.com;Dell' Immacolata 5;20841;Carate Brianza;Monza e della Brianza;italy;
1012189;Studio I.P. s.r.l. Ingegneria & Progettazione;4;;;;www.se.com;Via Verolengo 29/9;10149;Torino;Torino;italy;
1012201;BUILDING INTELLIGENCE GROUP s.r.l.;4;;;;www.se.com;Via Langhe, 126/A;12060;Magliano Alpi;Cuneo;italy;
1012209;TEAM BUILDING SRL UNITA' LOCALE TREVISO;4;;;;www.se.com;VICOLO VERDI 69/B;31020;VILLORBA;Treviso;italy;
1012215;TECNO ELECTRIC SRL;4;;;;www.se.com;VIA MIGLIARA 46,6;04010;BORGO S. DONATO;Latina;italy;
1012234;C.R. TECHNOLOGY SYSTEMS SPA;4;;;;www.se.com;VIA ROSSARO 9;24047;TREVIGLIO;Bergamo;italy;
1012235;WPC SRL;4;;;;www.se.com;ALESSANDRO III 11;15010;FRASCARO;Alessandria;italy;
1012237;ALBANO GIUSEPPE;4;;;;www.se.com;VIA ATIGLIANA 8;80067;SORRENTO;Napoli;italy;
1012246;CIEB NUOVA SRL;4;;;;www.se.com;VIA TORINO 160 /162;12045;FOSSANO;Cuneo;italy;
1012254;COOLBINE SRL;4;;;;www.se.com;VIALE PRAGA, 45;90146;PALERMO;Palermo;italy;
1012255;CORSI ANDREA IMPIANTI & CABLAGGI SRL;4;;;;www.se.com;VIA PRATO 2;58027;RIBOLLA;Grosseto;italy;
1012259;ALLTECS SRL;4;;;;www.se.com;VIA MARCO BIAGI, 2;60039;STAFFOLO;Ancona;italy;
1012263;DATI NET IMPIANTI E SERVIZI SRL;4;;;;www.se.com;VIA CAMPANIA 262;80078;POZZUOLI;Napoli;italy;
1012264;DF IMPIANTI SRL;4;;;;www.se.com;VIA NETTUNO 163;04012;CISTERNA DI LATINA;Latina;italy;
1012274;ELECTRIC WORLD SRL;4;;;;www.se.com;VIA FERRARI 7;42017;NOVELLARA;Reggio Emilia;italy;
1012276;ELEKTRO GAFRILLER SRL;4;;;;www.se.com;ZONA ARTIGIANALE 3;39040;BARBIANO;Bolzano;italy;
1012277;ELEKTROPOWER SRL;4;;;;www.se.com;VIA STRADA PROVINCIALE 63 149/U;42044;GUALTIERI;Reggio Emilia;italy;
1012279;ELETTRIC SISTEM DI BERTO M. & MODOL;4;;;;www.se.com;VIA FOSCARA 22;30100;MIRA;Venezia;italy;
1012282;ELETTRO 2S SRL;4;;;;www.se.com;VIA MONIEGO CENTRO 49;30033;NOALE;Venezia;italy;
1012283;ELETTRO DIMENSIONE SRL;4;;;;www.se.com;VIA CARLO LODETTI;25013;CARPENEDOLO;Brescia;italy;
1012289;ELETTROIMPIANTI SALVI SRL;4;;;;www.se.com;VIA MALTA 25/A;25124;BRESCIA;Brescia;italy;
1012293;ELETTROTECNICA BERETTA SRL;4;;;;www.se.com;VIA SOCRATE 2;22070;CASNATE;Como;italy;
1012296;EMP SNC ELETTROAUTOMAZIONI DI MAURIZIO PEROTTI E FRANCO BINARI;4;;;;www.se.com;VIA G.BENUCCI 171 SNC;06087;PONTE S.GIOVANNI;Perugia;italy;
1012298;ENGINFO ENGINEERING INFORMATICA SPA;4;;;;www.se.com;VIA PRIVATA D GIUSTINO,5;80125;NAPLES;Napoli;italy;
1012300;EQUA S.R.L. ELETTRO QUADRI ABRUZZO;4;;;;www.se.com;VIA BENEDETTO CROCE 157;65126;Pescara;Pescara;italy;
1012302;ES SRLS;4;;;;www.se.com;VIA DEGLI ARTIGIANI 39;05100;Terni;Terni;italy;
1012305;Esco Solution S.p.A.;4;;;;www.se.com;Via Granarolo 175/3;48018;Faenza;Ravenna;italy;
1012311;F.G. ELETTROTECNICA SRL;4;;;;www.se.com;VIA FRIULI, 8C;20853;BIASSONO;Monza e della Brianza;italy;
1012313;FA QUADRI ELETTRICI;4;;;;www.se.com;VIA FOGAZZARO, 19;70043;MONOPOLI;Bari;italy;
1019185;ACMEI SUD SPA - ISERNIA;4;;;;www.se.com;S.S. 17 , 179;;ISERNIA;Isernia;italy;
1019186;C.I.E.B. ELETTROFORNITURE SPA;4;;;;www.se.com;VIA BRESCIA 134/F;;MONTICHIARI;Brescia;italy;
1019187;C.I.E.B. ELETTROFORNITURE SPA;4;;;;www.se.com;VIA G. LEOPARDI SN;;ROGNO;Bergamo;italy;
1019188;C.I.E.B. ELETTROFORNITURE SPA UNITA' LOCALE;4;;;;www.se.com;VIA BUONARROTI 45-C;;POMPIANO;Brescia;italy;
1019193;CET SPA - FIANO;4;;;;www.se.com;VIA DEL COMMERCIO SNC;;FIANO ROMANO;Roma;italy;
1019194;CET SPA - MONTEROTONDO;4;;;;www.se.com;VIA S. MARTINO 88/90;;MONTEROTONDO;Roma;italy;
1019198;CIGNOLI  ELETTROFORNITURE SRL;4;;;;www.se.com;VIA PAPA GIOVANNI XXIII 68;27058;VOGHERA;Pavia;italy;
1019207;ACMEI SUD SPA - MONOPOLI 1;4;;;;www.se.com;VIA BAIONE Z.I.;;MONOPOLI;Bari;italy;
1019212;COMET SPA;4;;;;www.se.com;VIA DELL'ARTIGIANATO 296;;VIGNOLA;Modena;italy;
1019224;COMET SPA;4;;;;www.se.com;VIA SANTA LIBERATA 9;;CENTO;Ferrara;italy;
1019225;COMET SPA;4;;;;www.se.com;VIA CASTELLEONE 41-41A;;CREMONA;Cremona;italy;
1019239;COMOLI FERRARI & C. SPA;4;;;;www.se.com;STRADA STATALE 62 DELLA CISA 10;46030;CERESE DI VIRGILIO;Mantova;italy;
1019241;COMOLI FERRARI & C. SPA;4;;;;www.se.com;STRADA RIVOLTANA KM. 12;20060;LISCATE;Milano;italy;
1019242;COMOLI FERRARI & C. SPA;4;;;;www.se.com;V.DEL COMMERCIO 6 - S. GRATO;26900;LODI;;italy;
1019244;COMOLI FERRARI & C. SPA;4;;;;www.se.com;VIA MOLINARI ANG. VIA BERTINI SN;26845;CODOGNO;;italy;
1019247;COMOLI FERRARI & C. SPA;4;;;;www.se.com;VIA DI FOSSO LEGNAME 195;;MASSAROSA;Lucca;italy;
1019251;APRILE SPA;4;;;;www.se.com;SS APPIA 7;82030;Apollosa;;italy;
1019253;COMOLI FERRARI & C. SPA;4;;;;www.se.com;CORSO TRIESTE 136;28100;NOVARA;Novara;italy;
1019261;COMOLI FERRARI & C. SPA;4;;;;www.se.com;VIA ACHILLE GRANDI 4;20056;TREZZO SULL'ADDA;Milano;italy;
1019262;APRILE SPA;4;;;;www.se.com;VIA DEI GRECI 146;84135;SALERNO;Salerno;italy;
1019266;COMOLI FERRARI & C. SPA;4;;;;www.se.com;SAN F.D'ASSISI 14 LOC.MADONNINA;25018;MONTICHIARI;Brescia;italy;
1019268;COMOLI FERRARI & C. SPA;4;;;;www.se.com;VIA BERGAMO 15/A;24035;CURNO;Bergamo;italy;
1019270;COMOLI FERRARI & C. SPA;4;;;;www.se.com;VIA CARLO TARGA 4;16124;GENOVA CENTRO;Genova;italy;
1019273;APRILE SPA - FONDI;4;;;;www.se.com;VIA STAZIONE 69;;FONDI;Latina;italy;
1019284;APRILE SPA - QUARTO;4;;;;www.se.com;VIA CAMPANA 394;;QUARTO;Napoli;italy;
1019318;Barcella Elettroforniture spa;4;;;;www.se.com;VIA ROMA 53;;COLLEBEATO;Brescia;italy;
1019321;COMOLI FERRARI & C. SPA;4;;;;www.se.com;VIA DOLOMITI 9;13048;SANTHIA';Vercelli;italy;
1019334;COMOLI FERRARI & C. SPA;4;;;;www.se.com;VIA MAESTRI DEL LAVORO 4/C;12100;CUNEO;Cuneo;italy;
1019341;COMOLI FERRARI & C. SPA;4;;;;www.se.com;VIA DI PRUNETA 1;;SAN MINIATO;Pisa;italy;
1019342;COMOLI FERRARI & C. SPA;4;;;;www.se.com;VIA M. MULLER 100;28921;VERBANIA;Verbania;italy;
1019349;COMOLI FERRARI & C. SPA - UC;4;;;;www.se.com;VIA SETTE COMUNI 60/I;;Torino;Torino;italy;
1019350;COMOLI FERRARI & C.SPA;4;;;;www.se.com;VIA ACHILLE GRANDI 4;;TREZZO SULL'ADDA;Milano;italy;
1019366;DEMO SPA;4;;;;www.se.com;VIA GALILEO FERRARIS 139E;17047;VADO LIGURE;Savona;italy;
1019367;DEMO SPA;4;;;;www.se.com;VIA ROMAIRONE CENTRO ARTIG.S.BIAGIO;16163;GENOVA BOLZANETO;Genova;italy;
1019369;DEMO SPA;4;;;;www.se.com;VIA MARCONI 42;13011;BORGOSESIA;Vercelli;italy;
1019370;DEMO SPA;4;;;;www.se.com;VIA VALPELLICE 14;10060;SAN SECONDO DI PINEROLO;Torino;italy;
1019378;DEMO SPA;4;;;;www.se.com;VIA ARTIGIANATO 46;29191;PIACENZA;Piacenza;italy;
1019389;DI.M.E.R. SOCIETA' CONSORTILE A RL;4;;;;www.se.com;VIA ROSARIO CUSCONA, 5 Z.A.;;GIARRE;Catania;italy;
1019395;Barcella Elettroforniture spa;4;;;;www.se.com;VIA MARCONI 70;;MONTICHIARI;Brescia;italy;
1019406;ACMEI SUD SPA;4;;;;www.se.com;STRADA PROVINCIALE BARI-MODUGNO TORITTO 73-74;70124;Bari;Bari;italy;
1019407;Barcella Elettroforniture spa;4;;;;www.se.com;VIA RAG. EVANGELISTA LAINI 1/C;;BRENO;Brescia;italy;
1019419;EDIF SPA - PERUGIA OVEST;4;;;;www.se.com;V.SORIANO 51/53 S.A.FRATTE;;PERUGIA;Perugia;italy;
1019422;EDIF SPA-VASTO;4;;;;www.se.com;VIA INCORONATA 19B;;VASTO;Chieti;italy;
1019423;EF 90 SRL;4;;;;www.se.com;V. TORRE MOLIN PERNICE 13/C;17031;LECA D'ALBENGA;Savona;italy;
1019424;EF 90 SRL;4;;;;www.se.com;VIA XXV APRILE 73/75;18033;CAMPOROSSO MARE;;italy;
1019426;EF 90 SRL;4;;;;www.se.com;VIA S. FRANCESCO 36;;SAN REMO;Imperia;italy;
1019427;ELCO INGROSS SRL UNIPERSONALE;4;;;;www.se.com;VIA DEI CONTI FALLUC 2/1;;CATANZARO;Catanzaro;italy;
1019428;ELCOM SRL;4;;;;www.se.com;VIA NEWTON 14;09122;CAGLIARI;Cagliari;italy;
1019429;BARCELLA ELETTROFORNITURE SPA;4;;;;www.se.com;VIA LIGURIA 23;20068;PESCHIERA BORROMEO;Milano;italy;
1019446;ELCOM SRL FORNITURE ELETTRICHE ILLUMINAZIONE;4;;;;www.se.com;LOCALITA' LISCIA CULUMBA;;PALAU;Sassari;italy;
1019447;ELCOM SRL FORNITURE ELETTRICHE ILLUMINAZIONE;4;;;;www.se.com;ZONA IND.LE STRADA C1;;VILLACIDRO;Cagliari;italy;
1019452;ELECTRA SPA;4;;;;www.se.com;CONTRADA MAGLIANELLO SNC;;ATENA LUCANA;Salerno;italy;
1019458;ELETTROCAMPANIA SPA;4;;;;www.se.com;CONTR. PIANO CAPPELE 340-342 344;82100;BENEVENTO;;italy;
1019461;ELETTROGRUPPO ZEROUNO SPA;4;;;;www.se.com;VIA G. BERTUCCIONI 34/B ROSSO;16139;GENOVA;Genova;italy;
1019473;BARCELLA ELETTROFORNITURE SPA;4;;;;www.se.com;VIA REPUBBLICA;24060;CIVIDINO;Bergamo;italy;
1019474;ELETTROGRUPPO ZEROUNO SPA;4;;;;www.se.com;CORSO TORINO 8/B;;AVIGLIANA;Torino;italy;
1019478;ELETTROGRUPPO ZEROUNO SPA;4;;;;www.se.com;C.SO TORTONA 60/C;;TORINO;Torino;italy;
1019485;ELETTROGRUPPO ZEROUNO SPA                                   .;4;;;;www.se.com;VIA AOSTA 15;;BEINASCO;Torino;italy;
1019486;ELETTROGRUPPO ZEROUNO SPA CENTRO DISTRIBUZIONE;4;;;;www.se.com;VIA AOSTA 15/B;;BEINASCO;Torino;italy;
1019487;ELETTROGRUPPO ZEROUNO SPA GRANDI CLIENTI;4;;;;www.se.com;VIA NOVARA 380;;BORGOMANERO;Novara;italy;
1019491;ELETTROLAZIO SPA;4;;;;www.se.com;VIA VONA ARMANDO 73;03100;FROSINONE;Frosinone;italy;
1019493;ELETTROLAZIO SPA;4;;;;www.se.com;VIA PONTINA KM 31.200;00040;POMEZIA;Roma;italy;
1019496;ELETTROLAZIO SPA - CIAMPINO;4;;;;www.se.com;VIA LUIGI BANDINI 15, ZONA INDUSTRIALE APPIA NUOVA;;ROMA;Roma;italy;
1019497;ELETTROSUD FILIALE DI CAPO D'ORLANDO;4;;;;www.se.com;VIA VITTORIO VENETO 3;;CAPO D'ORLANDO;Messina;italy;
1019498;ELETTROSUD FILIALE DI GIARDINI NAXOS;4;;;;www.se.com;VIA CHIANCHITTA, 8;;GIARDINI NAXOS;Messina;italy;
1019499;ELETTROSUD FILIALE DI MESSINA;4;;;;www.se.com;VIA GIORDANO BRUNO 32;;MESSINA;Messina;italy;
1019500;ELETTROSUD FILIALE DI MESSINA OC;4;;;;www.se.com;VIA ORSO MARIO CORBINO 40;;MESSINA;Messina;italy;
1019501;ELETTROSUD FILIALE DI RAGUSA;4;;;;www.se.com;VIA ACHILLE GRANDI 62-64;;RAGUSA;Ragusa;italy;
1019502;ELETTROSUD SPA;4;;;;www.se.com;V.LE REG. SICILIANA 4238 N/OVEST;;PALERMO;Palermo;italy;
1019503;ELETTROSUD SPA;4;;;;www.se.com;CONTRADA SIRO' SNC;;BROLO;Messina;italy;
1019504;ELETTROSUD SPA - S.GIOVANNI LA PUNT;4;;;;www.se.com;VIA ROMA 369;;SAN GIOVANNI LA PUNTA;Catania;italy;
1019506;Barcella Elettroforniture spa;4;;;;www.se.com;VIA SALVELLA TRAV. II 15/17;;ROVATO;Brescia;italy;
1019511;ELETTROVENETA SPA;4;;;;www.se.com;VIA SABBIONI 5;;RIVOLI VERONESE;Verona;italy;
1019516;ELETTROVENETA SPA;4;;;;www.se.com;VIA TERRACINI, 25;62012;CIVITANOVA MARCHE;Macerata;italy;
1019525;ELETTROVENETA SPA;4;;;;www.se.com;VIA MILANO, 93;61122;PESARO;Pesaro-Urbino;italy;
1019534;ELETTROVENETA SPA;4;;;;www.se.com;V. D.GIUSEPPE DALLA TOMBA, 2;;SAN BONIFACIO;Verona;italy;
1019540;BARCELLA ELETTROFORNITURE SPA;4;;;;www.se.com;V.LAVOR.AUTOBIANCHI 1 L.24/B;20832;DESIO;Monza e della Brianza;italy;
1019548;ELFI SPA;4;;;;www.se.com;VIA M. COVOLO 7;25077;ROE' VOLCIANO;Brescia;italy;
1019549;ELFI SPA FILIALE DI ANCONA;4;;;;www.se.com;VIA ACHILLE GRANDI, 48;;ANCONA;Ancona;italy;
1019553;ELFI SPA FILIALE DI LODI;4;;;;www.se.com;VIA DEL LAVORO 14;;SAN MARTINO IN STRADA;Lodi;italy;
1019554;ELFI SPA FILIALE DI MELEGNANO;4;;;;www.se.com;VIA SALVADOR ALLENDE 18;;MELEGNANO;Milano;italy;
1019555;ELFI SPA FILIALE DI MIRANDOLA;4;;;;www.se.com;VIA TOTI C.P. 45 81-83;41037;MIRANDOLA;Modena;italy;
1019557;ELFI SPA FILIALE DI PARMA;4;;;;www.se.com;VIA VERNAZZI 28/A 30A;;PARMA;Parma;italy;
1019561;ELFI SPA FILIALE DI VIGEVANO;4;;;;www.se.com;VIA MOROSINI 16;;VIGEVANO;Pavia;italy;
1019565;EMPORIO ELETTRICO TOFFOLI SRL;4;;;;www.se.com;VIALE TRENTO 45;33077;SACILE;Pordenone;italy;
1019569;FABBI IMOLA SRL;4;;;;www.se.com;VIALE GIULIO CESARE;;RICCIONE;Rimini;italy;
1019570;FABBI IMOLA SRL;4;;;;www.se.com;VIA MEUCCI 16;48022;LUGO;Ravenna;italy;
1019572;FABBI IMOLA SRL;4;;;;www.se.com;VIA BARATTINO 34;40062;MOLINELLA;Bologna;italy;
1019574;FABBI IMOLA SRL;4;;;;www.se.com;VIA MEUCCI, 24/O;;CASTEL SAN PIETRO;Bologna;italy;
1019580;FERRI COM SRL;4;;;;www.se.com;LOCALITA' PONTICELLI 100/A;66030;SANTA MARIA IMBARO;;italy;
1019584;BARCELLA ELETTROFORNITURE SPA;4;;;;www.se.com;VIA MONTEGRAPPA;24060;ROGNO;Bergamo;italy;
1019585;FEVAL SRL;4;;;;www.se.com;VIA MILANO 119;23032;BORMIO;Sondrio;italy;
1019586;FEVAL SRL;4;;;;www.se.com;VIA GHISLANZONI 66/68;;LECCO;Lecco;italy;
1019595;BARCELLA ELETTROFORNITURE SPA UNIPERSONALE;4;;;;www.se.com;VIA UDINE 2;;MONZA;Monza e della Brianza;italy;
1019598;FOGLIANI SPA;4;;;;www.se.com;VIA ANTONIO MASETTI, 56/58;;FORLì;Forli-Cesena;italy;
1019606;BARCELLA ELETTROFORNITURE SPA UNIPERSONALE;4;;;;www.se.com;STRADA PROV.LE 40 KM. 17 SNC;;MELEGNANO;Milano;italy;
1019615;FOREL SRL FILIALE ALBEROBELLO;4;;;;www.se.com;VIALE PUTIGNANO, 3;;ALBEROBELLO;Bari;italy;
1019616;FOREL SRL FILIALE FASANO CENTRO;4;;;;www.se.com;VIA PASTEUR, 35;;FASANO;Brindisi;italy;
1019617;BARCELLA ELETTROFORNITURE SPA UNIPERSONALE;4;;;;www.se.com;VIALE MONZA 289;;MILANO;Milano;italy;
1019624;GAROFOLI SPA;4;;;;www.se.com;VIA DELL'ARTIGIANATO 27;75100;MATERA;Matera;italy;
1019625;GAROFOLI SPA;4;;;;www.se.com;S. P. ANDRIA - TRANI KM. 1,500 SN;76123;ANDRIA;Barletta-Andria-Trani;italy;
1019626;GAROFOLI SPA  MONOPOLI BAIONE;4;;;;www.se.com;VIA BAIONEZONA INDUSTRIALE;73042;MONOPOLI;Bari;italy;
1019627;GAROFOLI SPA - BARLETTA;4;;;;www.se.com;VIA TRANI 201/206;76121;BARLETTA;Barletta-Andria-Trani;italy;
1019629;BARCELLA ELETTROFORNITURE SPA UNIPERSONALE;4;;;;www.se.com;VIA MILANO 71;;CANTù;Como;italy;
1019630;GAROFOLI SPA - BISCEGLIE;4;;;;www.se.com;VIA M.R.IMBRIANI 386/388;76011;BISCEGLIE;Bari;italy;
1019631;GAROFOLI SPA - CERIGNOLA;4;;;;www.se.com;VIA M.S.S. AUSILIATRICE 26/28;;CERIGNOLA;Foggia;italy;
1019632;GAROFOLI SPA - FOGGIA;4;;;;www.se.com;VIALE VIRGILIO 258 - 260;;FOGGIA;Foggia;italy;
1019633;GAROFOLI SPA - MODUGNO;4;;;;www.se.com;VIA DELLE MIMOSE .;70026;MODUGNO;Bari;italy;
1019634;GAROFOLI SPA - MONOPOLI;4;;;;www.se.com;VIA TRIESTE 10;;MONOPOLI;Bari;italy;
1019635;GAROFOLI SPA - RUTIGLIANO;4;;;;www.se.com;VIA DELL'ARTIGIANATO 6;;RUTIGLIANO;Bari;italy;
1019636;GAROFOLI SPA - TARANTO;4;;;;www.se.com;VIA LAGO ALIMINI GRANDE 24;74121;TARANTO;Taranto;italy;
1019638;GRUPPO GIOVANNINI SRL;4;;;;www.se.com;VIA NAZIONALE 122;;SERIATE;Bergamo;italy;
1019640;BARCELLA ELETTROFORNITURE SPA UNIPERSONALE;4;;;;www.se.com;VIA RHO 4;;MILANO;Milano;italy;
1019645;GRUPPO GIOVANNINI SRL;4;;;;www.se.com;V.VALSUGANA S.S. 47, 106;36022;CASSOLA;Vicenza;italy;
1019646;GRUPPO GIOVANNINI SRL;4;;;;www.se.com;VIA TRENTO, 99/2;38023;CLES;Trento;italy;
1019647;GRUPPO GIOVANNINI SRL;4;;;;www.se.com;VIA LOMBARDIA 37;25025;MANERBIO;Brescia;italy;
1019648;GRUPPO GIOVANNINI SRL;4;;;;www.se.com;VIA VIVENZA 48;46100;MANTOVA;Mantova;italy;
1019650;GRUPPO GIOVANNINI SRL;4;;;;www.se.com;VICOLO VERDI 38;31050;VILLORBA;Treviso;italy;
1019651;BARCELLA ELETTROFORNITURE SPA UNIPERSONALE;4;;;;www.se.com;VIA CELESTE MILANI 21/27;;ORIGGIO;Varese;italy;
1019652;GRUPPO GIOVANNINI SRL;4;;;;www.se.com;VIA STAZIONE DI MORI, 11;38060;ROVERETO;Trento;italy;
1019656;GRUPPO GIOVANNINI SRL;4;;;;www.se.com;VIA ZUEGG, 72/3;39012;MERANO;Bolzano;italy;
1019657;GRUPPO GIOVANNINI SRL;4;;;;www.se.com;VIA AQUILEIA;18;34070;VILLESSE;;italy;
1019658;GRUPPO GIOVANNINI SRL;4;;;;www.se.com;VIA TRENTO, 69/3;38017;MEZZOLOMBARDO;Trento;italy;
1019663;GRUPPO GIOVANNINI SRL;4;;;;www.se.com;VIA DELLO ARTIGIANATO 9 A;32100;BELLUNO;Belluno;italy;
1019664;GRUPPO GIOVANNINI SRL Self Service;4;;;;www.se.com;VIA DI CAMPOTRENTINO 50;;TRENTO;Trento;italy;
1019665;GRUPPO GIOVANNINI SRL SelfService;4;;;;www.se.com;E. Fermi, 13/2 13/2;;VERONA;Verona;italy;
1019671;IDG SPA;4;;;;www.se.com;CORSO ASTI 18;12051;ALBA;Cuneo;italy;
1019672;IDG SPA;4;;;;www.se.com;CORSO EUROPA 18;;BIELLA;Biella;italy;
1019673;BARCELLA ELETTROFORNITURE SPA UNIPERSONALE;4;;;;www.se.com;VIALE C. ESPINASSE 102;;MILANO;Milano;italy;
1019674;IDG SPA;4;;;;www.se.com;VIA ANGELO ORSINI 60/62R;;GENOVA;Genova;italy;
1019679;IDG SPA;4;;;;www.se.com;VIA METALMECCANICI 1;12038;SAVIGLIANO;Cuneo;italy;
1019684;BARCELLA ELETTROFORNITURE SPA UNIPERSONALE;4;;;;www.se.com;VIA ROMENTINO 66/G;;TRECATE;Novara;italy;
1019686;IDROCENTRO SPA;4;;;;www.se.com;CORSO ORBASSANO 400;10137;TORINO;Torino;italy;
1019689;IMAT-FELCO SPA;4;;;https://imatfelco.it;www.se.com;VIA MANZONI 24/26;22046;MERONE ;Como;italy;
1019692;IMAT-FELCO SPA;4;;;https://imatfelco.it;www.se.com;VIA B. LUINI 1;21049;TRADATE;Varese;italy;
1019695;BARCELLA ELETTROFORNITURE SPA UNIPERSONALE;4;;;;www.se.com;VIALE NORVEGIA 6/8;;MELZO;Milano;italy;
1019699;L'ELETTRICA DI PAOLO E M. SRL;4;;;;www.se.com;VIA ENRICO FERMI 22;;FROSINONE;Frosinone;italy;
1019702;L'ELETTRICA DI PAOLO E M. SRL;4;;;;www.se.com;VIA DELL'INDUSTRIA POGGINO;;VITERBO;Viterbo;italy;
1019703;L'ELETTRICA DI PAOLO E M. SRL;4;;;;www.se.com;VIA DEL PONTE LADRONE, 24726/28;;ACILIA;Roma;italy;
1019706;BARCELLA ELETTROFORNITURE SPA UNIPERSONALE;4;;;;www.se.com;VIA RIVA DI TRENTO 11;;MILANO;Milano;italy;
1019717;BARCELLA ELETTROFORNITURE SPA UNIPERSONALE;4;;;;www.se.com;VIA CRISPI 130;;VARESE;Varese;italy;
1019721;MAJORANO SPA S.EGIDIO DEL M.ALBINO;4;;;;www.se.com;VIA NAZIONALE 289;;S. EGIDIO DEL MONTE ALBINO;Salerno;italy;
1019728;BARCELLA ELETTROFORNITURE SPA UNIPERSONALE;4;;;;www.se.com;CORSO SEMPIONE 238/4;;BUSTO ARSIZIO;Varese;italy;
1019729;MARCHIOL SPA;4;;;;www.se.com;V.LE DELLA REPUBBLICA 41;;VILLORBA;Treviso;italy;
1019730;MARCHIOL SPA;4;;;;www.se.com;VIA BELLUNO, 38;32036;SEDICO;;italy;
1019733;MARCHIOL SPA;4;;;;www.se.com;VIA DELLE PRESE, 27;36014;SANTORSO;Vicenza;italy;
1019734;MARCHIOL SPA;4;;;;www.se.com;VIA MEZZACAMPAGNA 52;37135;VERONA;Verona;italy;
1019736;MARCHIOL SPA;4;;;;www.se.com;VIA CAVALIERI DI VITTORIO VENETO, 9;32032;FELTRE;;italy;
1019740;BARCELLA ELETTROFORNITURE SPA UNIPERSONALE;4;;;;www.se.com;VIA MAFFUCCI 4;;MILANO;Milano;italy;
1019751;BI ESSE SPA;4;;;;www.se.com;VIA P.C. CADOPPI 10;;REGGIO EMILIA;Reggio Emilia;italy;
1019764;MEB SRL;4;;;;www.se.com;VIA ZUEGG, 23;39012;MERANO;Bolzano;italy;
1019765;MEB SRL;4;;;;www.se.com;VIA DELL'ARTIGIANATO,3;35010;LOREGGIA;Padova;italy;
1019767;MEB SRL;4;;;;www.se.com;VIA MANIAGO 4;33097;SPILIMBERGO;Pordenone;italy;
1019778;MEB SRL;4;;;;www.se.com;S.S. 11 LOC. VILLABELLA S/N;37047;SAN BONIFACIO;Verona;italy;
1019779;MEB SRL;4;;;;www.se.com;VIA NAZIONALE 26;;COSTA VOLPINO;Bergamo;italy;
1019781;MEB SRL;4;;;;www.se.com;VIA PISA, 5;;CEREA;Verona;italy;
1019783;MEB SRL;4;;;;www.se.com;VIA PER SAN FLORIANO 17-17/A;;CASTELFRANCO VENETO;Treviso;italy;
1019784;BI ESSE SPA;4;;;;www.se.com;VIA SPALLANZANI 7;;MONTECCHIO EMILIA;Reggio Emilia;italy;
1019792;MEDEL SRL - LECCE;4;;;;www.se.com;VIA LUIGI CARLUCCIO, 11-13;;LECCE;Lecce;italy;
1019798;MEF SRL;4;;;;www.se.com;VIA VARIANTE AURELIA LOTTO 4;19038;SARZANA;La Spezia;italy;
1019799;MEF SRL;4;;;;www.se.com;VIA GUIDO ROSSA 10;;DESIO;Monza e della Brianza;italy;
1019808;MEF SRL;4;;;;www.se.com;VIA SILICELLA 55;00169;ROMA;Roma;italy;
1019811;MEF SRL;4;;;;www.se.com;STRADA STATALE 467 140;;S. ANTONINO DI CASALGRANDE;Reggio Emilia;italy;
1019816;MEF SRL;4;;;;www.se.com;VIA DELLA TECNICA 6;;OSNAGO;Lecco;italy;
1019818;MEF SRL;4;;;;www.se.com;VIA MANZONI 46;;CINISELLO BALSAMO;Milano;italy;
1019829;MEF SRL;4;;;;www.se.com;VIA KEPLERO 23;;PERO;Milano;italy;
1019833;MEF SRL CIVITAVECCHIA;4;;;;www.se.com;VIA ANTONIO SILIGATO 4/A;;CIVITAVECCHIA;Roma;italy;
1019834;MEF SRL SALARIA;4;;;;www.se.com;SALITA CASTEL DI GIUBILEO 173;;ROMA;Roma;italy;
1019835;MEF SRL VITERBO;4;;;;www.se.com;VIA FONTECEDRO 9;01100;VITERBO;Viterbo;italy;
1019841;MEGAWATT SPA;4;;;;www.se.com;VIA CAMPANA 233;;POZZUOLI;Napoli;italy;
1019845;NEON TOMA ILLUMINAZIONE SRL;4;;;;www.se.com;VIA L. DE MAGGIO 10/12;73024;MAGLIE;Lecce;italy;
1019846;NEON TOMA ILLUMINAZIONE SRL - CAVALLINO;4;;;;www.se.com;VIA SILVIO PELLICO 15;73020;CAVALLINO;Lecce;italy;
1019847;NEON TOMA ILLUMINAZIONE SRL - MAGLIE 2;4;;;;www.se.com;VIA NICOLA FERRAMOSCA 134;;MAGLIE;Lecce;italy;
1019848;NEON TOMA ILLUMINAZIONE SRL - S.CASSIANO;4;;;;www.se.com;S.S. 275 ZONA PIP LOTTO 7/A KM. SNC;73020;SAN CASSIANO;Lecce;italy;
1019851;BI ESSE SPA;4;;;;www.se.com;VIA ANTONIETTA DE PACE, 5/7;;MIRANDOLA;Modena;italy;
1019858;REMATARLAZZI SPA;4;;;;www.se.com;STRADA STATALE 16 NORD KM. 509;;VASTO;Chieti;italy;
1019859;REMATARLAZZI SPA;4;;;;www.se.com;V.SALARIA PER L'AQUILA KM. 91+200;;CITTADUCALE;Rieti;italy;
1019866;REMATARLAZZI SPA;4;;;;www.se.com;VIA DEGLI OPERAI 6;;SPOLETO;Perugia;italy;
1019867;REMATARLAZZI SPA;4;;;;www.se.com;VIA NUOVA 7/A;;AVEZZANO;L'Aquila;italy;
1019869;REMATARLAZZI SPA;4;;;;www.se.com;VIA DEI LECCI 4/6;;TERMOLI;Campobasso;italy;
1019880;REMATARLAZZI SPA;4;;;;www.se.com;VIA VILLA MARTELLI Z.I.;;LANCIANO;Chieti;italy;
1019884;BI ESSE SPA;4;;;;www.se.com;VIA G. MARCONI 64;;GENOLA;Cuneo;italy;
1019885;REMATARLAZZI SPA - CAMPOBASSO;4;;;;www.se.com;VIA MOLINARI, 6;;CAMPOBASSO;Campobasso;italy;
1019886;REMATARLAZZI SPA - CHIETI;4;;;;www.se.com;VIA PO 72;;SAN GIOVANNI TEATINO;Chieti;italy;
1019887;REMATARLAZZI SPA - MONTESILVANO;4;;;;www.se.com;VIA FOSSO FORESTE, 15;;MONTESILVANO;Pescara;italy;
1019888;REMATARLAZZI SPA PRENESTINA;4;;;;www.se.com;VIA DEL MAGGIOLINO 46;;ROMA;Roma;italy;
1019895;BI ESSE SPA;4;;;;www.se.com;VIA SAN FRANCESCO 1;;MONFALCONE;Gorizia;italy;
1019909;RIMEP SPA;4;;;;www.se.com;VIA SORIANO 47/49;06132;PERUGIA;Perugia;italy;
1019910;RIMEP SPA;4;;;;www.se.com;VIA RODOLFO MORANDI 5;;CITTà DI CASTELLO;Perugia;italy;
1019911;RIMEP SPA;4;;;;www.se.com;VIA MONTE PEGLIA 24;;ORVIETO;Terni;italy;
1019917;BI ESSE SPA;4;;;;www.se.com;VIA FRIULI, 3;;SAN VENDEMIANO;Treviso;italy;
1019924;SACCHI GIUSEPPE SPA;4;;;;www.se.com;VIA VANONI 25;23010;PIANTEDO;Sondrio;italy;
1019932;SACCHI GIUSEPPE SPA;4;;;;www.se.com;VIALE EUROPA 1401;;CARONNO PERTUSELLA;Varese;italy;
1019939;BI ESSE SPA;4;;;;www.se.com;VIA PEDEMONTANA 116;;FIORANO MODENESE;Modena;italy;
1019954;SACCHI GIUSEPPE SPA - ALBENGA;4;;;;www.se.com;REGIONE FRONTERO 12;;ALBENGA;Savona;italy;
1019955;SACCHI GIUSEPPE SPA - BRIGA NOVARES;4;;;;www.se.com;VIA BORGOMANERO 91;;BRIGA NOVARESE;Novara;italy;
1019957;SACCHI GIUSEPPE SPA - COSSATO;4;;;;www.se.com;VIA MATTEOTTI 30;13836;COSSATO;Biella;italy;
1019958;SACCHI GIUSEPPE SPA - CREMA;4;;;;www.se.com;VIALE EUROPA 29;;CREMA;Cremona;italy;
1019959;SACCHI GIUSEPPE SPA - LODI;4;;;;www.se.com;VIA DELLA FILANDA 16;;LODI;Lodi;italy;
1019961;ACMEI SUD SPA;4;;;;www.se.com;VIALE DELLA CROCE ROSSA, 119;;L'AQUILA;L'Aquila;italy;
1019963;SACCHI GIUSEPPE SPA - MAGENTA;4;;;;www.se.com;CORSO EUROPA 82;;MAGENTA;Milano;italy;
1019964;SACCHI GIUSEPPE SPA - MILANO;4;;;;www.se.com;VIA QUARANTA 46;;MILANO;Milano;italy;
1019965;SACCHI GIUSEPPE SPA - MILANO;4;;;;www.se.com;VIA G. KEPLERO 20;;MILANO;Milano;italy;
1019966;SACCHI GIUSEPPE SPA - MILANO;4;;;;www.se.com;VIA SAVONA 127;;MILANO;Milano;italy;
1019968;SACCHI GIUSEPPE SPA - NOVARA;4;;;;www.se.com;CORSO TRIESTE 141;;NOVARA;Novara;italy;
1019969;SACCHI GIUSEPPE SPA - VILLAGUARDIA;4;;;;www.se.com;VIA MONTE BIANCO 12;;VILLAGUARDIA;Milano;italy;
1019971;SCARNATI F.LLI SPA - RENDE;4;;;;www.se.com;V. MARCO POLO C.DA LECCO Z.I.;;RENDE;Cosenza;italy;
1019972;SELECTRA SPA ELETTROFORNITURE;4;;;;www.se.com;VIA DI CAMPOTRENTINO, 88;38100;TRENTO;Trento;italy;
1019978;SIME VIGNUDA SPA;4;;;;www.se.com;VIA EDISON, 3;31020;VILLORBA;Treviso;italy;
1019979;SIME VIGNUDA SPA;4;;;;www.se.com;VIA NUOVA DI CORVA, 115/A;33170;PORDENONE;Pordenone;italy;
1019981;SIME VIGNUDA SPA;4;;;;www.se.com;VIA DEL LAVORO, 34;36016;THIENE;Vicenza;italy;
1019985;SIMEVIGNUDA SPA;4;;;;www.se.com;VIALE DEL LAVORO 16/D;38068;ROVERETO;Trento;italy;
1019986;SIMEVIGNUDA SPA;4;;;;www.se.com;VIA LINZ 193;;SPINI DI GARDOLO;Trento;italy;
1019987;SIMEVIGNUDA SPA   .;4;;;;www.se.com;VIA TORRICELLI 9;37135;VERONA;Verona;italy;
1019989;SONEPAR ITALIA - MODUGNO CE.DI.;4;;;;www.se.com;VIA DELLE VIOLETTE 4/6;;MODUGNO;Bari;italy;
1020017;BI ESSE SPA FILIALE DI MODENA;4;;;;www.se.com;STRADA SANT' ANNA 659;;MODENA;Modena;italy;
1020018;SONEPAR ITALIA SPA;4;;;;www.se.com;VIA NAPOLI 348;80053;CASTELLAMMARE DI STABIA;Napoli;italy;
1020019;SONEPAR ITALIA SPA;4;;;;www.se.com;VIA INNSBRUCK, 31;;BOLZANO;Bolzano;italy;
1020039;C.A.M.E.G. SPA;4;;;;www.se.com;STRADA STATALE 7 BIS N° 323-325;80035;NOLA;Napoli;italy;
1020053;SONEPAR ITALIA SPA;4;;;;www.se.com;VIA DEL COMMERCIO, 8;36100;VICENZA;Vicenza;italy;
1020072;ACMEI SUD SPA - ANDRIA;4;;;;www.se.com;S.P. 130 ANDRIA -TRANI KM 1,350;;ANDRIA;Barletta-Andria-Trani;italy;
1020088;SONEPAR ITALIA SPA;4;;;;www.se.com;VIA DELLA FOGARINA 2;;CREMONA;Cremona;italy;
1020091;SONEPAR ITALIA SPA - ASCOLI PICENO;4;;;;www.se.com;VIA DEI GORGHI 40/1;;ASCOLI PICENO;Ascoli Piceno;italy;
1020093;SONEPAR ITALIA SPA - JESI;4;;;;www.se.com;VIALE BRODOLINI 37 Z.I. P.A.C.;;JESI;Ancona;italy;
1020094;SONEPAR ITALIA SPA - MARCIANISE;4;;;;www.se.com;Z.I. MARCIANISE, SP 336 KM 20;;MARCIANISE;Caserta;italy;
1020095;C.I.E.B. ELETTROFORNITURE SPA;4;;;;www.se.com;VIA ARANDORA STAR 46A;;PARMA;Parma;italy;
1020096;SONEPAR ITALIA SPA - MATERA;4;;;;www.se.com;VIA PRIMO MAGGIO 41;;MATERA;Matera;italy;
1020098;SONEPAR ITALIA SPA - PORTO MANTOVANO;4;;;;www.se.com;VIA ATENE 31;46047;Porto Mantovano;Mantova;italy;
1020100;SONEPAR ITALIA SPA - SENIGALLIA;4;;;;www.se.com;STRADA DELLA BRUCIATA 12;;SENIGALLIA;Ancona;italy;
1020105;STRANO SPA;4;;;;www.se.com;VIA VINCENZO FLORIO C.COMMERCIALE 4;95045;MISTERBIANCO;Catania;italy;
1020106;C.I.E.B. ELETTROFORNITURE SPA;4;;;;www.se.com;VIA G. ZANELLI 15;;PALAZZOLO S/O;Brescia;italy;
1020107;STRANO SPA;4;;;;www.se.com;P.ZZA PIETRO LUPO 5;95131;CATANIA;Catania;italy;
1020108;STRANO SPA;4;;;;www.se.com;VIA T. MARCELLINI 8/M;90135;PALERMO;Palermo;italy;
1020109;STRANO SPA;4;;;;www.se.com;VIALE L. SCIASCIA 27-29-33-35;92100;AGRIGENTO;;italy;
1020110;STRANO SPA;4;;;;www.se.com;VIA CASALE DEI GRECI 5A;95100;ADRANO;Catania;italy;
1020111;STRANO SPA;4;;;;www.se.com;S.S. 106 KM. 245,200;;CROTONE;Crotone;italy;
1020112;STRANO SPA;4;;;;www.se.com;SS 114 N.30-C.DA TARGIA sn;96100;SIRACUSA;;italy;
1020113;STRANO SPA;4;;;;www.se.com;VIA MODENA CHIESA 81;89131;REGGIO CALABRIA;Reggio Calabria;italy;
1020114;STRANO SPA;4;;;;www.se.com;VIA DUCA DEGLI ABRUZZI C.DA LECC 12;87036;RENDE;Cosenza;italy;
1020117;C.I.E.B. ELETTROFORNITURE SPA;4;;;;www.se.com;VIA ELKAN 11;;BOLOGNA;Bologna;italy;
1020118;STRANO SPA FILIALE DI MILAZZO;4;;;;www.se.com;VIA TONNARA 1;98057;MILAZZO;Messina;italy;
1020119;STRANO SPA FILIALE PALERMO II;4;;;;www.se.com;VIA GALILEO GALILEI, 87;90145;PALERMO;Palermo;italy;
1020125;VITALE SUD SRL FILIALE DI SATRIANO;4;;;;www.se.com;VIALE EUROPA 19;;SATRIANO;Catanzaro;italy;
1020127;C.I.E.B. ELETTROFORNITURE SPA;4;;;;www.se.com;VIA G.B. CACCIAMALI 62;;Brescia;Brescia;italy;
1020128;C.I.E.B. ELETTROFORNITURE SPA;4;;;;www.se.com;VIA VOLTA 1;;DOSSOBUONO DI VILLAFRANCA;Verona;italy;
1020129;C.I.E.B. ELETTROFORNITURE SPA;4;;;;www.se.com;VIA TRENTO 65/C - LOC. SENTIER;;MEZZOLOMBARDO;Trento;italy;
1020130;C.I.E.B. ELETTROFORNITURE SPA;4;;;;www.se.com;VIA ZAIST SN;;CREMONA;Cremona;italy;
1020131;C.I.E.B. ELETTROFORNITURE SPA;4;;;;www.se.com;VIA MAJOCCHI PLATTIS 1;;FERRARA;Ferrara;italy;
