1010252;COMOLI FERRARI & C. SPA;4;;;;www.se.com;VIA MAESTRI DEL LAVORO 4/C;12100;CUNEO;Cuneo;italy;
1010254;COMOLI FERRARI & C. SPA;4;;;;www.se.com;VIA BERGAMO 15/A;24035;CURNO;Bergamo;italy;
1010282;ELETTROVENETA SPA;4;;;;www.se.com;VIA TERRACINI, 25;62012;CIVITANOVA MARCHE;Macerata;italy;
1010285;ELETTROVENETA SPA;4;;;;www.se.com;VIA MILANO, 93;61122;PESARO;Pesaro-Urbino;italy;
1010312;MARCHIOL SPA;4;;;;www.se.com;VIA CAVALIERI DI VITTORIO VENETO, 9;32032;FELTRE;;italy;
1010319;MARCHIOL SPA;4;;;;www.se.com;VIA DELLE PRESE, 27;36014;SANTORSO;Vicenza;italy;
1010325;MARCHIOL SPA;4;;;;www.se.com;VIA BELLUNO, 38;32036;SEDICO;;italy;
1010361;COMOLI FERRARI & C. SPA;4;;;;www.se.com;STRADA RIVOLTANA KM. 12;20060;LISCATE;Milano;italy;
1010375;MEF SRL;4;;;;www.se.com;VIA VARIANTE AURELIA LOTTO 4;19038;SARZANA;La Spezia;italy;
1010377;MEF SRL;4;;;;www.se.com;VIA SILICELLA 55;00169;ROMA;Roma;italy;
1010386;MEF SRL VITERBO;4;;;;www.se.com;VIA FONTECEDRO 9;01100;VITERBO;Viterbo;italy;
1010453;SACCHI GIUSEPPE SPA;4;;;;www.se.com;VIA VANONI 25;23010;PIANTEDO;Sondrio;italy;
1010469;SIME VIGNUDA SPA;4;;;;www.se.com;VIA NUOVA DI CORVA, 115/A;33170;PORDENONE;Pordenone;italy;
1010470;SIME VIGNUDA SPA;4;;;;www.se.com;VIA DEL LAVORO, 34;36016;THIENE;Vicenza;italy;
1010473;SIME VIGNUDA SPA;4;;;;www.se.com;VIA EDISON, 3;31020;VILLORBA;Treviso;italy;
1010476;SIMEVIGNUDA SPA   .;4;;;;www.se.com;VIA TORRICELLI 9;37135;VERONA;Verona;italy;
1010483;COMOLI FERRARI & C. SPA;4;;;;www.se.com;SAN F.D'ASSISI 14 LOC.MADONNINA;25018;MONTICHIARI;Brescia;italy;
1010515;SONEPAR ITALIA SPA;4;;;;www.se.com;VIA DEL COMMERCIO, 8;36100;VICENZA;Vicenza;italy;
1010531;SONEPAR ITALIA SPA;4;;;;www.se.com;VIA NAPOLI 348;80053;CASTELLAMMARE DI STABIA;Napoli;italy;
1010575;SONEPAR ITALIA SPA - PORTO MANTOVANO;4;;;;www.se.com;VIA ATENE 31;46047;Porto Mantovano;Mantova;italy;
1010591;COMOLI FERRARI & C. SPA;4;;;;www.se.com;STRADA STATALE 62 DELLA CISA 10;46030;CERESE DI VIRGILIO;Mantova;italy;
1010602;COMOLI FERRARI & C. SPA;4;;;;www.se.com;CORSO TRIESTE 136;28100;NOVARA;Novara;italy;
1010604;COMOLI FERRARI & C. SPA;4;;;;www.se.com;VIA ACHILLE GRANDI 4;20056;TREZZO SULL'ADDA;Milano;italy;
1010605;COMOLI FERRARI & C. SPA;4;;;;www.se.com;VIA CARLO TARGA 4;16124;GENOVA CENTRO;Genova;italy;
1010625;COMOLI FERRARI & C. SPA;4;;;;www.se.com;VIA DOLOMITI 9;13048;SANTHIA';Vercelli;italy;
1010626;COMOLI FERRARI & C. SPA;4;;;;www.se.com;VIA MOLINARI ANG. VIA BERTINI SN;26845;CODOGNO;;italy;
1010633;COMOLI FERRARI & C. SPA;4;;;;www.se.com;V.DEL COMMERCIO 6 - S. GRATO;26900;LODI;;italy;
1010641;COMOLI FERRARI & C. SPA;4;;;;www.se.com;VIA M. MULLER 100;28921;VERBANIA;Verbania;italy;
1010642;3C. IMPIANTI SRL;4;;;;www.se.com;VIA VIII MARZO 8;10095;GRUGLIASCO;Torino;italy;
1010643;A.R. QUADRI SRL;4;;;;www.se.com;VIA CIRO MENOTTI, 50;20862;ARCORE;Monza e della Brianza;italy;
1010644;BARONI ROMANO IMPIANTI ELETTRICI SRL;4;;;;www.se.com;VIA SANDRO PERTINI 12;43036;FIDENZA;Parma;italy;
1010646;FG QUADRI ELETTRICI SRL;4;;;;www.se.com;VIA G. ROSSINI 27/A;35020;ALBIGNASEGO;Padova;italy;
1010650;FPM IMPIANTI SRL;4;;;www.fpmimpianti.it;www.se.com;VIA TORRICELLI 32;37067;VALEGGIO SUL MINCIO;Verona;italy;
1010654;GAMMA ELECTRIC SNC;4;;;;www.se.com;VIA TORQUATO TASSO 7;24020;GORLE;Bergamo;italy;
1010658;GENERAL AUTOMATION SRLS;4;;;;www.se.com;VIA POZZELLE QUARTO, .15;73022;CORIGLIANO D'OTRANTO;Lecce;italy;
1010661;GORI SRL;4;;;;www.se.com;VIA PALMIRO TOGLIATTI 6;50029;IMPRUNETA;Firenze;italy;
1010662;GR.E.CO. Ingegneria & Servizi S.r.l.;4;;;;www.se.com;Via Ortoceraso 2;81057;TEANO;Caserta;italy;
1010670;I.C.I. BRUNI;4;;;;www.se.com;VIA MASSA SAN GIULIANO 255;00132;ROMA;Roma;italy;
1010672;I.E.T. SRL;4;;;;www.se.com;C.SO ALLAMANO 13/W1;10095;GRUGLIASCO;Torino;italy;
1010675;INELTEC S.R.L.;4;;;;www.se.com;VIA DEI MESTIERI,SNC ZONA PAIP 1;75100;Matera;Matera;italy;
1010676;ING SRL PROGETTI;4;;;;www.se.com;VIA G. FALCONE, 12/14/16;24048;TREVIOLO;Bergamo;italy;
1010677;BCB ELECTRIC SRL;4;;;;www.se.com;VIA 1° MAGGIO 4;60010;BARBARA;Ancona;italy;
1010680;Ing. Marotta Mauro;4;;;;www.se.com;Via Contieri, 1;80126;napoli;;italy;
1010683;JS SRL SOCIETA' UNIPERSONALE;4;;;;www.se.com;VIA ALESSANDRO VOLTA 50;30020;NOVENTA DI PIAVE;Venezia;italy;
1010684;KAIROS SOCIETA' DI INGEGNERIA SRL;4;;;;www.se.com;VIA MONTEMARCONE 136/B;66041;Atessa;Chieti;italy;
1010688;BD Elettrica;4;;;;www.se.com;VIA DELLA TECNICA 18;42015;PRATO DI CORREGGIO;Reggio Emilia;italy;
1010690;LANDI SPA;4;;;;www.se.com;STRADA FRANCESCA 2/2A;24040;CISERANO;Bergamo;italy;
1010691;LECTRON SRL;4;;;;www.se.com;VIA DEI BARTOLOTTI 18;48022;SAN LORENZO DI LUGO;;italy;
1010695;M.I.E. MALANGONE SRL;4;;;;www.se.com;VIA MONTE GRAPPA 21/25;84098;PONTECAGNANO FAIANO;Salerno;italy;
1010705;MIRTEC DI MUZZOLON MIRKO;4;;;;www.se.com;VIA DELL'ECONOMIA 31;36030;VICENZA;Vicenza;italy;
1010707;MPTEC;4;;;;www.se.com;VIA MARSURE 7;33170;PORDENONE;Pordenone;italy;
1010714;NUOVA SALSOIMPIANTI SRL;4;;;;www.se.com;LOCALITA' CASE ORSI 23/A;29010;VERNASCA;Piacenza;italy;
1010716;P.P.M. SRL;4;;;;www.se.com;VIA RICCARDO TERZOLO 19;12051;Alba;Cuneo;italy;
1010717;PAOLO BARCHI SRL;4;;;;www.se.com;VIA DINO COL 6/R;16149;GENOVA;Genova;italy;
1010718;Pastoret Engineering & Consulting Srl;4;;;;www.se.com;REG. BORGNALLE 10L;11100;AOSTA;Aosta;italy;
1010720;PERILLO ING. GIUSEPPE;4;;;;www.se.com;Via Cavour, 4;70027;Palo Del Colle;Bari;italy;
1010721;BENIGNIENGINEERING SRL;4;;;;www.se.com;VIA GARIBALDI 115;51013;CHIESINA UZZANESE;Pistoia;italy;
1010728;PRESOTTO ENNIO SRL;4;;;;www.se.com;VIA TALPONEDO 8;33080;PORCIA;Pordenone;italy;
1010732;Bernazzoli Per. Ind. Enzo;4;;;;www.se.com;VIA TITO SPERI;24040;BIENNO;Brescia;italy;
1010733;PROJECAD DI P.I. GHINAUDO DARIO;4;;;;www.se.com;VIA REGINA MARGHERITA 1;10060;CERCENASCO;Torino;italy;
1010735;PSE Srl;4;;;www.psesrl.it;www.se.com;Borgo Udine, 50;33057;Palmanova;Udine;italy;
1010736;PULIMENO s.r.l. PULIMENO GIGI;4;;;;www.se.com;POZZO 67;73022;CORIGLIANO D'OTRANTO;;italy;
1010740;Ranieri Impiantistica srl;4;;;;www.se.com;VIA ZABATTA,25;80044;OTTAVIANO;Napoli;italy;
1010741;RAVEL POWER SRL;4;;;;www.se.com;VIA TAVAGNACCO 83;33100;UDINE;Udine;italy;
1010742;REN SOLUTION Srl;4;;;;www.se.com;VIA MONTI URALI 22;41122;REGGIO EMILIA;Reggio Emilia;italy;
1010743;BM IMPIANTI DI MATTIOLI MAURIZIO;4;;;;www.se.com;VIA TEVERE 12;61030;LUCREZIA DI CARTOCETO;Pesaro-Urbino;italy;
1010746;RUMMO S.T.;4;;;;www.se.com;VIA Guindazzi 12;80040;Pollena Trocchia;Napoli;italy;
1010749;S.I.M.E.Q. SRL;4;;;;www.se.com;VIA EMANUELE GUTTADAURO 14;90143;PALERMO;Palermo;italy;
1010751;S.P.I.M.   S.R.L.;4;;;;www.se.com;VIA CAMILLO OLIVETTI ZONA INDUSTRIALE;71043;MANFREDONIA;Foggia;italy;
1010752;S.T. MENGHINI;4;;;;www.se.com;VIA 1 MAGGIO 16;60131;ANCONA;Ancona;italy;
1010755;BM TECH;4;;;;www.se.com;VIA NAZIONALE DEI GIOVI 77/B;20811;CESANO MADERNO;Milano;italy;
1010756;S.T.CELANI EMIDIO;4;;;;www.se.com;VIA MUTILATI DEL LAVORO, 1;63100;ASCOLI PICENO;Ascoli Piceno;italy;
1010757;S4E SYSTEM SRL;4;;;;www.se.com;V. FERRANTE I.190 C.NAP.EST F3;80146;NAPOLI;Napoli;italy;
1010766;BMG ELETTRIC SNC DI CICOGNANI E BALLARINI;4;;;;www.se.com;VIA DEI GIANDINI 12;26010;OFFANENGO;Cremona;italy;
1010769;SIEMI SRL;4;;;;www.se.com;VIA DEL RISARO,42;00127;Roma;Roma;italy;
1010772;SILECTRA SRL;4;;;;www.se.com;VIA TAZIO NUVOLARI 40;47843;MISANO ADRIATICO;Rimini;italy;
1010776;SISTEMI ELETTRICI SRL;4;;;;www.se.com;VIA P.BORSELLINO 50/52;24050;ZANICA;Bergamo;italy;
1010777;BRACCINI & CARDINI S.R.L. IMPIANTI ELETTRICI;4;;;;www.se.com;P.ZA P. MASCAGNI 96;50127;FIRENZE;Firenze;italy;
1010780;SOLARFLUX SRL;4;;;;www.se.com;CONTRADA CODA DI VOLPE,36;87036;RENDE;Cosenza;italy;
1010783;SORANA QUADRI SRL;4;;;;www.se.com;VIA COLLE MARCHITTO, 1;03039;SORA;Frosinone;italy;
1010785;ST CASTELLI;4;;;;www.se.com;Corso Garibaldi 119;60121;ANCONA;Ancona;italy;
1010786;ST P.I. STRACCIA GABRIELE;4;;;;www.se.com;C.da Tesino, 47;63065;Ripatransone;Ascoli Piceno;italy;
1010790;STAMNOS ENERGY SAS DI FAUSTO PANTANO;4;;;;www.se.com;VIA A.PACINOTTI 5;01100;VITERBO;Viterbo;italy;
1010791;STIEM Engineering;4;;;;www.se.com;Via Cavour 2/A;40055;Villanova di Castensaso;Bologna;italy;
1010792;STR Elettroimpianti s.a.s.;4;;;;www.se.com;Dell' Immacolata 5;20841;Carate Brianza;Monza e della Brianza;italy;
1010798;Studio I.P. s.r.l. Ingegneria & Progettazione;4;;;;www.se.com;Via Verolengo 29/9;10149;Torino;Torino;italy;
1010810;BUILDING INTELLIGENCE GROUP s.r.l.;4;;;;www.se.com;Via Langhe, 126/A;12060;Magliano Alpi;Cuneo;italy;
1010818;TEAM BUILDING SRL UNITA' LOCALE TREVISO;4;;;;www.se.com;VICOLO VERDI 69/B;31020;VILLORBA;Treviso;italy;
1010824;TECNO ELECTRIC SRL;4;;;;www.se.com;VIA MIGLIARA 46,6;04010;BORGO S. DONATO;Latina;italy;
1010843;C.R. TECHNOLOGY SYSTEMS SPA;4;;;;www.se.com;VIA ROSSARO 9;24047;TREVIGLIO;Bergamo;italy;
1010844;WPC SRL;4;;;;www.se.com;ALESSANDRO III 11;15010;FRASCARO;Alessandria;italy;
1010846;ALBANO GIUSEPPE;4;;;;www.se.com;VIA ATIGLIANA 8;80067;SORRENTO;Napoli;italy;
1010855;CIEB NUOVA SRL;4;;;;www.se.com;VIA TORINO 160 /162;12045;FOSSANO;Cuneo;italy;
1010863;COOLBINE SRL;4;;;;www.se.com;VIALE PRAGA, 45;90146;PALERMO;Palermo;italy;
1010864;CORSI ANDREA IMPIANTI & CABLAGGI SRL;4;;;;www.se.com;VIA PRATO 2;58027;RIBOLLA;Grosseto;italy;
1010868;ALLTECS SRL;4;;;;www.se.com;VIA MARCO BIAGI, 2;60039;STAFFOLO;Ancona;italy;
1010872;DATI NET IMPIANTI E SERVIZI SRL;4;;;;www.se.com;VIA CAMPANIA 262;80078;POZZUOLI;Napoli;italy;
1010873;DF IMPIANTI SRL;4;;;;www.se.com;VIA NETTUNO 163;04012;CISTERNA DI LATINA;Latina;italy;
1010883;ELECTRIC WORLD SRL;4;;;;www.se.com;VIA FERRARI 7;42017;NOVELLARA;Reggio Emilia;italy;
1010885;ELEKTRO GAFRILLER SRL;4;;;;www.se.com;ZONA ARTIGIANALE 3;39040;BARBIANO;Bolzano;italy;
1010886;ELEKTROPOWER SRL;4;;;;www.se.com;VIA STRADA PROVINCIALE 63 149/U;42044;GUALTIERI;Reggio Emilia;italy;
1010888;ELETTRIC SISTEM DI BERTO M. & MODOL;4;;;;www.se.com;VIA FOSCARA 22;30100;MIRA;Venezia;italy;
1010891;ELETTRO 2S SRL;4;;;;www.se.com;VIA MONIEGO CENTRO 49;30033;NOALE;Venezia;italy;
1010892;ELETTRO DIMENSIONE SRL;4;;;;www.se.com;VIA CARLO LODETTI;25013;CARPENEDOLO;Brescia;italy;
1010898;ELETTROIMPIANTI SALVI SRL;4;;;;www.se.com;VIA MALTA 25/A;25124;BRESCIA;Brescia;italy;
1010902;ELETTROTECNICA BERETTA SRL;4;;;;www.se.com;VIA SOCRATE 2;22070;CASNATE;Como;italy;
1010905;EMP SNC ELETTROAUTOMAZIONI DI MAURIZIO PEROTTI E FRANCO BINARI;4;;;;www.se.com;VIA G.BENUCCI 171 SNC;06087;PONTE S.GIOVANNI;Perugia;italy;
1010907;ENGINFO ENGINEERING INFORMATICA SPA;4;;;;www.se.com;VIA PRIVATA D GIUSTINO,5;80125;NAPLES;Napoli;italy;
1010909;EQUA S.R.L. ELETTRO QUADRI ABRUZZO;4;;;;www.se.com;VIA BENEDETTO CROCE 157;65126;Pescara;Pescara;italy;
1010911;ES SRLS;4;;;;www.se.com;VIA DEGLI ARTIGIANI 39;05100;Terni;Terni;italy;
1010914;Esco Solution S.p.A.;4;;;;www.se.com;Via Granarolo 175/3;48018;Faenza;Ravenna;italy;
1010920;F.G. ELETTROTECNICA SRL;4;;;;www.se.com;VIA FRIULI, 8C;20853;BIASSONO;Monza e della Brianza;italy;
1010922;FA QUADRI ELETTRICI;4;;;;www.se.com;VIA FOGAZZARO, 19;70043;MONOPOLI;Bari;italy;
1017783;ACMEI SUD SPA - ISERNIA;4;;;;www.se.com;S.S. 17 , 179;;ISERNIA;Isernia;italy;
1017784;C.I.E.B. ELETTROFORNITURE SPA;4;;;;www.se.com;VIA TRENTO 65/C - LOC. SENTIER;;MEZZOLOMBARDO;Trento;italy;
1017785;C.I.E.B. ELETTROFORNITURE SPA;4;;;;www.se.com;VIA ZAIST SN;;CREMONA;Cremona;italy;
1017786;C.I.E.B. ELETTROFORNITURE SPA UNITA' LOCALE;4;;;;www.se.com;VIA BUONARROTI 45-C;;POMPIANO;Brescia;italy;
1017791;CET SPA - FIANO;4;;;;www.se.com;VIA DEL COMMERCIO SNC;;FIANO ROMANO;Roma;italy;
1017792;CET SPA - MONTEROTONDO;4;;;;www.se.com;VIA S. MARTINO 88/90;;MONTEROTONDO;Roma;italy;
1017793;CIGNOLI  ELETTROFORNITURE SRL;4;;;;www.se.com;VIA PAPA GIOVANNI XXIII 68;27058;VOGHERA;Pavia;italy;
1017804;COMET SPA;4;;;;www.se.com;VIA CASTELLEONE 41-41A;;CREMONA;Cremona;italy;
1017805;ACMEI SUD SPA - MONOPOLI 1;4;;;;www.se.com;VIA BAIONE Z.I.;;MONOPOLI;Bari;italy;
1017815;COMET SPA;4;;;;www.se.com;VIA DELL'ARTIGIANATO 296;;VIGNOLA;Modena;italy;
1017820;COMET SPA;4;;;;www.se.com;VIA SANTA LIBERATA 9;;CENTO;Ferrara;italy;
1017827;APRILE SPA;4;;;;www.se.com;VIA DEI GRECI 146;84135;SALERNO;Salerno;italy;
1017830;COMOLI FERRARI & C. SPA;4;;;;www.se.com;STRADA STATALE 62 DELLA CISA 10;46030;CERESE DI VIRGILIO;Mantova;italy;
1017837;COMOLI FERRARI & C. SPA;4;;;;www.se.com;VIA ACHILLE GRANDI 4;20056;TREZZO SULL'ADDA;Milano;italy;
1017860;APRILE SPA;4;;;;www.se.com;SS APPIA 7;82030;Apollosa;;italy;
1017861;COMOLI FERRARI & C. SPA;4;;;;www.se.com;VIA DOLOMITI 9;13048;SANTHIA';Vercelli;italy;
1017862;COMOLI FERRARI & C. SPA;4;;;;www.se.com;VIA DI PRUNETA 1;;SAN MINIATO;Pisa;italy;
1017871;APRILE SPA - FONDI;4;;;;www.se.com;VIA STAZIONE 69;;FONDI;Latina;italy;
1017872;COMOLI FERRARI & C. SPA;4;;;;www.se.com;VIA CARLO TARGA 4;16124;GENOVA CENTRO;Genova;italy;
1017874;COMOLI FERRARI & C. SPA;4;;;;www.se.com;STRADA RIVOLTANA KM. 12;20060;LISCATE;Milano;italy;
1017879;COMOLI FERRARI & C. SPA;4;;;;www.se.com;VIA DI FOSSO LEGNAME 195;;MASSAROSA;Lucca;italy;
1017880;COMOLI FERRARI & C. SPA;4;;;;www.se.com;VIA M. MULLER 100;28921;VERBANIA;Verbania;italy;
1017882;APRILE SPA - QUARTO;4;;;;www.se.com;VIA CAMPANA 394;;QUARTO;Napoli;italy;
1017889;COMOLI FERRARI & C. SPA;4;;;;www.se.com;SAN F.D'ASSISI 14 LOC.MADONNINA;25018;MONTICHIARI;Brescia;italy;
1017898;COMOLI FERRARI & C. SPA;4;;;;www.se.com;VIA MAESTRI DEL LAVORO 4/C;12100;CUNEO;Cuneo;italy;
1017900;COMOLI FERRARI & C. SPA;4;;;;www.se.com;V.DEL COMMERCIO 6 - S. GRATO;26900;LODI;;italy;
1017921;COMOLI FERRARI & C. SPA;4;;;;www.se.com;VIA BERGAMO 15/A;24035;CURNO;Bergamo;italy;
1017936;COMOLI FERRARI & C. SPA;4;;;;www.se.com;CORSO TRIESTE 136;28100;NOVARA;Novara;italy;
1017939;COMOLI FERRARI & C. SPA;4;;;;www.se.com;VIA MOLINARI ANG. VIA BERTINI SN;26845;CODOGNO;;italy;
1017947;COMOLI FERRARI & C. SPA - UC;4;;;;www.se.com;VIA SETTE COMUNI 60/I;;Torino;Torino;italy;
1017948;COMOLI FERRARI & C.SPA;4;;;;www.se.com;VIA ACHILLE GRANDI 4;;TREZZO SULL'ADDA;Milano;italy;
1017949;Barcella Elettroforniture spa;4;;;;www.se.com;VIA SALVELLA TRAV. II 15/17;;ROVATO;Brescia;italy;
1017964;DEMO SPA;4;;;;www.se.com;VIA GALILEO FERRARIS 139E;17047;VADO LIGURE;Savona;italy;
1017970;DEMO SPA;4;;;;www.se.com;VIA ROMAIRONE CENTRO ARTIG.S.BIAGIO;16163;GENOVA BOLZANETO;Genova;italy;
1017973;DEMO SPA;4;;;;www.se.com;VIA ARTIGIANATO 46;29191;PIACENZA;Piacenza;italy;
1017975;DEMO SPA;4;;;;www.se.com;VIA VALPELLICE 14;10060;SAN SECONDO DI PINEROLO;Torino;italy;
1017979;DEMO SPA;4;;;;www.se.com;VIA MARCONI 42;13011;BORGOSESIA;Vercelli;italy;
1017982;BARCELLA ELETTROFORNITURE SPA;4;;;;www.se.com;VIA REPUBBLICA;24060;CIVIDINO;Bergamo;italy;
1017986;DI.M.E.R. SOCIETA' CONSORTILE A RL;4;;;;www.se.com;VIA ROSARIO CUSCONA, 5 Z.A.;;GIARRE;Catania;italy;
1017993;Barcella Elettroforniture spa;4;;;;www.se.com;VIA ROMA 53;;COLLEBEATO;Brescia;italy;
1018004;ACMEI SUD SPA;4;;;;www.se.com;STRADA PROVINCIALE BARI-MODUGNO TORITTO 73-74;70124;Bari;Bari;italy;
1018005;BARCELLA ELETTROFORNITURE SPA;4;;;;www.se.com;V.LAVOR.AUTOBIANCHI 1 L.24/B;20832;DESIO;Monza e della Brianza;italy;
1018015;EDIF SPA - PERUGIA OVEST;4;;;;www.se.com;V.SORIANO 51/53 S.A.FRATTE;;PERUGIA;Perugia;italy;
1018019;EDIF SPA-VASTO;4;;;;www.se.com;VIA INCORONATA 19B;;VASTO;Chieti;italy;
1018020;EF 90 SRL;4;;;;www.se.com;VIA S. FRANCESCO 36;;SAN REMO;Imperia;italy;
1018022;EF 90 SRL;4;;;;www.se.com;V. TORRE MOLIN PERNICE 13/C;17031;LECA D'ALBENGA;Savona;italy;
1018023;EF 90 SRL;4;;;;www.se.com;VIA XXV APRILE 73/75;18033;CAMPOROSSO MARE;;italy;
1018024;ELCO INGROSS SRL UNIPERSONALE;4;;;;www.se.com;VIA DEI CONTI FALLUC 2/1;;CATANZARO;Catanzaro;italy;
1018025;ELCOM SRL;4;;;;www.se.com;VIA NEWTON 14;09122;CAGLIARI;Cagliari;italy;
1018042;ELCOM SRL FORNITURE ELETTRICHE ILLUMINAZIONE;4;;;;www.se.com;LOCALITA' LISCIA CULUMBA;;PALAU;Sassari;italy;
1018043;ELCOM SRL FORNITURE ELETTRICHE ILLUMINAZIONE;4;;;;www.se.com;ZONA IND.LE STRADA C1;;VILLACIDRO;Cagliari;italy;
1018048;ELECTRA SPA;4;;;;www.se.com;CONTRADA MAGLIANELLO SNC;;ATENA LUCANA;Salerno;italy;
1018049;BARCELLA ELETTROFORNITURE SPA;4;;;;www.se.com;VIA MONTEGRAPPA;24060;ROGNO;Bergamo;italy;
1018054;ELETTROCAMPANIA SPA;4;;;;www.se.com;CONTR. PIANO CAPPELE 340-342 344;82100;BENEVENTO;;italy;
1018057;ELETTROGRUPPO ZEROUNO SPA;4;;;;www.se.com;VIA G. BERTUCCIONI 34/B ROSSO;16139;GENOVA;Genova;italy;
1018070;ELETTROGRUPPO ZEROUNO SPA;4;;;;www.se.com;C.SO TORTONA 60/C;;TORINO;Torino;italy;
1018079;ELETTROGRUPPO ZEROUNO SPA;4;;;;www.se.com;CORSO TORINO 8/B;;AVIGLIANA;Torino;italy;
1018081;ELETTROGRUPPO ZEROUNO SPA                                   .;4;;;;www.se.com;VIA AOSTA 15;;BEINASCO;Torino;italy;
1018083;ELETTROGRUPPO ZEROUNO SPA CENTRO DISTRIBUZIONE;4;;;;www.se.com;VIA AOSTA 15/B;;BEINASCO;Torino;italy;
1018084;ELETTROGRUPPO ZEROUNO SPA GRANDI CLIENTI;4;;;;www.se.com;VIA NOVARA 380;;BORGOMANERO;Novara;italy;
1018085;ELETTROLAZIO SPA;4;;;;www.se.com;VIA PONTINA KM 31.200;00040;POMEZIA;Roma;italy;
1018086;ELETTROLAZIO SPA;4;;;;www.se.com;VIA VONA ARMANDO 73;03100;FROSINONE;Frosinone;italy;
1018092;ELETTROLAZIO SPA - CIAMPINO;4;;;;www.se.com;VIA LUIGI BANDINI 15, ZONA INDUSTRIALE APPIA NUOVA;;ROMA;Roma;italy;
1018094;ELETTROSUD FILIALE DI CAPO D'ORLANDO;4;;;;www.se.com;VIA VITTORIO VENETO 3;;CAPO D'ORLANDO;Messina;italy;
1018095;ELETTROSUD FILIALE DI GIARDINI NAXOS;4;;;;www.se.com;VIA CHIANCHITTA, 8;;GIARDINI NAXOS;Messina;italy;
1018096;ELETTROSUD FILIALE DI MESSINA;4;;;;www.se.com;VIA GIORDANO BRUNO 32;;MESSINA;Messina;italy;
1018097;ELETTROSUD FILIALE DI MESSINA OC;4;;;;www.se.com;VIA ORSO MARIO CORBINO 40;;MESSINA;Messina;italy;
1018098;ELETTROSUD FILIALE DI RAGUSA;4;;;;www.se.com;VIA ACHILLE GRANDI 62-64;;RAGUSA;Ragusa;italy;
1018099;ELETTROSUD SPA;4;;;;www.se.com;CONTRADA SIRO' SNC;;BROLO;Messina;italy;
1018100;ELETTROSUD SPA - S.GIOVANNI LA PUNT;4;;;;www.se.com;VIA ROMA 369;;SAN GIOVANNI LA PUNTA;Catania;italy;
1018104;BARCELLA ELETTROFORNITURE SPA;4;;;;www.se.com;VIA LIGURIA 23;20068;PESCHIERA BORROMEO;Milano;italy;
1018105;ELETTROVENETA SPA;4;;;;www.se.com;V. D.GIUSEPPE DALLA TOMBA, 2;;SAN BONIFACIO;Verona;italy;
1018114;ELETTROVENETA SPA;4;;;;www.se.com;VIA MILANO, 93;61122;PESARO;Pesaro-Urbino;italy;
1018118;ELETTROVENETA SPA;4;;;;www.se.com;VIA TERRACINI, 25;62012;CIVITANOVA MARCHE;Macerata;italy;
1018130;ELETTROVENETA SPA;4;;;;www.se.com;VIA SABBIONI 5;;RIVOLI VERONESE;Verona;italy;
1018134;ELFI SPA;4;;;;www.se.com;VIA M. COVOLO 7;25077;ROE' VOLCIANO;Brescia;italy;
1018138;Barcella Elettroforniture spa;4;;;;www.se.com;VIA MARCONI 70;;MONTICHIARI;Brescia;italy;
1018145;ELFI SPA FILIALE DI ANCONA;4;;;;www.se.com;VIA ACHILLE GRANDI, 48;;ANCONA;Ancona;italy;
1018148;ELFI SPA FILIALE DI LODI;4;;;;www.se.com;VIA DEL LAVORO 14;;SAN MARTINO IN STRADA;Lodi;italy;
1018149;Barcella Elettroforniture spa;4;;;;www.se.com;VIA RAG. EVANGELISTA LAINI 1/C;;BRENO;Brescia;italy;
1018150;ELFI SPA FILIALE DI MELEGNANO;4;;;;www.se.com;VIA SALVADOR ALLENDE 18;;MELEGNANO;Milano;italy;
1018151;ELFI SPA FILIALE DI MIRANDOLA;4;;;;www.se.com;VIA TOTI C.P. 45 81-83;41037;MIRANDOLA;Modena;italy;
1018153;ELFI SPA FILIALE DI PARMA;4;;;;www.se.com;VIA VERNAZZI 28/A 30A;;PARMA;Parma;italy;
1018157;ELFI SPA FILIALE DI VIGEVANO;4;;;;www.se.com;VIA MOROSINI 16;;VIGEVANO;Pavia;italy;
1018161;EMPORIO ELETTRICO TOFFOLI SRL;4;;;;www.se.com;VIALE TRENTO 45;33077;SACILE;Pordenone;italy;
1018163;FABBI IMOLA SRL;4;;;;www.se.com;VIA BARATTINO 34;40062;MOLINELLA;Bologna;italy;
1018164;FABBI IMOLA SRL;4;;;;www.se.com;VIA MEUCCI, 24/O;;CASTEL SAN PIETRO;Bologna;italy;
1018166;FABBI IMOLA SRL;4;;;;www.se.com;VIALE GIULIO CESARE;;RICCIONE;Rimini;italy;
1018168;FABBI IMOLA SRL;4;;;;www.se.com;VIA MEUCCI 16;48022;LUGO;Ravenna;italy;
1018174;FERRI COM SRL;4;;;;www.se.com;LOCALITA' PONTICELLI 100/A;66030;SANTA MARIA IMBARO;;italy;
1018179;FEVAL SRL;4;;;;www.se.com;VIA GHISLANZONI 66/68;;LECCO;Lecco;italy;
1018180;FEVAL SRL;4;;;;www.se.com;VIA MILANO 119;23032;BORMIO;Sondrio;italy;
1018193;BARCELLA ELETTROFORNITURE SPA UNIPERSONALE;4;;;;www.se.com;VIA MAFFUCCI 4;;MILANO;Milano;italy;
1018199;FOGLIANI SPA;4;;;;www.se.com;VIA ANTONIO MASETTI, 56/58;;FORLì;Forli-Cesena;italy;
1018204;BARCELLA ELETTROFORNITURE SPA UNIPERSONALE;4;;;;www.se.com;VIA ROMENTINO 66/G;;TRECATE;Novara;italy;
1018211;FOREL SRL FILIALE ALBEROBELLO;4;;;;www.se.com;VIALE PUTIGNANO, 3;;ALBEROBELLO;Bari;italy;
1018212;FOREL SRL FILIALE FASANO CENTRO;4;;;;www.se.com;VIA PASTEUR, 35;;FASANO;Brindisi;italy;
1018215;BARCELLA ELETTROFORNITURE SPA UNIPERSONALE;4;;;;www.se.com;STRADA PROV.LE 40 KM. 17 SNC;;MELEGNANO;Milano;italy;
1018219;GAROFOLI SPA;4;;;;www.se.com;S. P. ANDRIA - TRANI KM. 1,500 SN;76123;ANDRIA;Barletta-Andria-Trani;italy;
1018220;GAROFOLI SPA;4;;;;www.se.com;VIA DELL'ARTIGIANATO 27;75100;MATERA;Matera;italy;
1018222;GAROFOLI SPA  MONOPOLI BAIONE;4;;;;www.se.com;VIA BAIONEZONA INDUSTRIALE;73042;MONOPOLI;Bari;italy;
1018223;GAROFOLI SPA - BARLETTA;4;;;;www.se.com;VIA TRANI 201/206;76121;BARLETTA;Barletta-Andria-Trani;italy;
1018224;GAROFOLI SPA - BISCEGLIE;4;;;;www.se.com;VIA M.R.IMBRIANI 386/388;76011;BISCEGLIE;Bari;italy;
1018225;GAROFOLI SPA - CERIGNOLA;4;;;;www.se.com;VIA M.S.S. AUSILIATRICE 26/28;;CERIGNOLA;Foggia;italy;
1018227;BARCELLA ELETTROFORNITURE SPA UNIPERSONALE;4;;;;www.se.com;VIALE MONZA 289;;MILANO;Milano;italy;
1018228;GAROFOLI SPA - FOGGIA;4;;;;www.se.com;VIALE VIRGILIO 258 - 260;;FOGGIA;Foggia;italy;
1018229;GAROFOLI SPA - MODUGNO;4;;;;www.se.com;VIA DELLE MIMOSE .;70026;MODUGNO;Bari;italy;
1018230;GAROFOLI SPA - MONOPOLI;4;;;;www.se.com;VIA TRIESTE 10;;MONOPOLI;Bari;italy;
1018231;GAROFOLI SPA - RUTIGLIANO;4;;;;www.se.com;VIA DELL'ARTIGIANATO 6;;RUTIGLIANO;Bari;italy;
1018232;GAROFOLI SPA - TARANTO;4;;;;www.se.com;VIA LAGO ALIMINI GRANDE 24;74121;TARANTO;Taranto;italy;
1018236;GRUPPO GIOVANNINI SRL;4;;;;www.se.com;VIA TRENTO, 99/2;38023;CLES;Trento;italy;
1018239;GRUPPO GIOVANNINI SRL;4;;;;www.se.com;VIA AQUILEIA18;34070;VILLESSE;;italy;
1018240;GRUPPO GIOVANNINI SRL;4;;;;www.se.com;VIA NAZIONALE 122;;SERIATE;Bergamo;italy;
1018241;GRUPPO GIOVANNINI SRL;4;;;;www.se.com;VIA VIVENZA 48;46100;MANTOVA;Mantova;italy;
1018244;GRUPPO GIOVANNINI SRL;4;;;;www.se.com;VIA DELLO ARTIGIANATO 9 A;32100;BELLUNO;Belluno;italy;
1018245;GRUPPO GIOVANNINI SRL;4;;;;www.se.com;VIA STAZIONE DI MORI, 11;38060;ROVERETO;Trento;italy;
1018248;GRUPPO GIOVANNINI SRL;4;;;;www.se.com;VIA LOMBARDIA 37;25025;MANERBIO;Brescia;italy;
1018249;BARCELLA ELETTROFORNITURE SPA UNIPERSONALE;4;;;;www.se.com;VIA CELESTE MILANI 21/27;;ORIGGIO;Varese;italy;
1018252;GRUPPO GIOVANNINI SRL;4;;;;www.se.com;V.VALSUGANA S.S. 47, 106;36022;CASSOLA;Vicenza;italy;
1018253;GRUPPO GIOVANNINI SRL;4;;;;www.se.com;VIA TRENTO, 69/3;38017;MEZZOLOMBARDO;Trento;italy;
1018256;GRUPPO GIOVANNINI SRL;4;;;;www.se.com;VIA ARTIGIANI, 22;;CAMPONOGARA;Venezia;italy;
1018257;GRUPPO GIOVANNINI SRL;4;;;;www.se.com;VICOLO VERDI 38;31050;VILLORBA;Treviso;italy;
1018258;GRUPPO GIOVANNINI SRL;4;;;;www.se.com;VIA ZUEGG, 72/3;39012;MERANO;Bolzano;italy;
1018260;BARCELLA ELETTROFORNITURE SPA UNIPERSONALE;4;;;;www.se.com;VIA UDINE 2;;MONZA;Monza e della Brianza;italy;
1018261;GRUPPO GIOVANNINI SRL Self Service;4;;;;www.se.com;VIA DI CAMPOTRENTINO 50;;TRENTO;Trento;italy;
1018262;GRUPPO GIOVANNINI SRL SelfService;4;;;;www.se.com;E. Fermi, 13/2 13/2;;VERONA;Verona;italy;
1018270;IDG SPA;4;;;;www.se.com;VIA METALMECCANICI 1;12038;SAVIGLIANO;Cuneo;italy;
1018271;BARCELLA ELETTROFORNITURE SPA UNIPERSONALE;4;;;;www.se.com;VIALE C. ESPINASSE 102;;MILANO;Milano;italy;
1018272;IDG SPA;4;;;;www.se.com;CORSO ASTI 18;12051;ALBA;Cuneo;italy;
1018273;IDG SPA;4;;;;www.se.com;CORSO EUROPA 18;;BIELLA;Biella;italy;
1018280;IDG SPA;4;;;;www.se.com;VIA ANGELO ORSINI 60/62R;;GENOVA;Genova;italy;
1018282;BARCELLA ELETTROFORNITURE SPA UNIPERSONALE;4;;;;www.se.com;VIALE NORVEGIA 6/8;;MELZO;Milano;italy;
1018283;IDROCENTRO SPA;4;;;;www.se.com;CORSO ORBASSANO 400;10137;TORINO;Torino;italy;
1018287;IMAT-FELCO SPA;4;;;https://imatfelco.it;www.se.com;VIA MANZONI 24/26;22046;MERONE ;Como;italy;
1018290;IMAT-FELCO SPA;4;;;https://imatfelco.it;www.se.com;VIA B. LUINI 1;21049;TRADATE;Varese;italy;
1018293;BARCELLA ELETTROFORNITURE SPA UNIPERSONALE;4;;;;www.se.com;VIA RHO 4;;MILANO;Milano;italy;
1018295;L'ELETTRICA DI PAOLO E M. SRL;4;;;;www.se.com;VIA DEL PONTE LADRONE, 24726/28;;ACILIA;Roma;italy;
1018299;L'ELETTRICA DI PAOLO E M. SRL;4;;;;www.se.com;VIA ENRICO FERMI 22;;FROSINONE;Frosinone;italy;
1018301;L'ELETTRICA DI PAOLO E M. SRL;4;;;;www.se.com;VIA DELL'INDUSTRIA POGGINO;;VITERBO;Viterbo;italy;
1018304;BARCELLA ELETTROFORNITURE SPA UNIPERSONALE;4;;;;www.se.com;VIA CRISPI 130;;VARESE;Varese;italy;
1018315;BARCELLA ELETTROFORNITURE SPA UNIPERSONALE;4;;;;www.se.com;VIA MILANO 71;;CANTù;Como;italy;
1018318;MAJORANO SPA S.EGIDIO DEL M.ALBINO;4;;;;www.se.com;VIA NAZIONALE 289;;S. EGIDIO DEL MONTE ALBINO;Salerno;italy;
1018319;MARCHIOL SPA;4;;;;www.se.com;VIA MEZZACAMPAGNA 52;37135;VERONA;Verona;italy;
1018321;MARCHIOL SPA;4;;;;www.se.com;VIA CAVALIERI DI VITTORIO VENETO, 9;32032;FELTRE;;italy;
1018326;BARCELLA ELETTROFORNITURE SPA UNIPERSONALE;4;;;;www.se.com;VIA RIVA DI TRENTO 11;;MILANO;Milano;italy;
1018331;MARCHIOL SPA;4;;;;www.se.com;V.LE DELLA REPUBBLICA 41;;VILLORBA;Treviso;italy;
1018338;BARCELLA ELETTROFORNITURE SPA UNIPERSONALE;4;;;;www.se.com;CORSO SEMPIONE 238/4;;BUSTO ARSIZIO;Varese;italy;
1018340;MARCHIOL SPA;4;;;;www.se.com;VIA BELLUNO, 38;32036;SEDICO;;italy;
1018341;MARCHIOL SPA;4;;;;www.se.com;VIA DELLE PRESE, 27;36014;SANTORSO;Vicenza;italy;
1018361;MEB SRL;4;;;;www.se.com;VIA MANIAGO 4;33097;SPILIMBERGO;Pordenone;italy;
1018363;MEB SRL;4;;;;www.se.com;VIA PISA, 5;;CEREA;Verona;italy;
1018367;MEB SRL;4;;;;www.se.com;VIA PER SAN FLORIANO 17-17/A;;CASTELFRANCO VENETO;Treviso;italy;
1018368;MEB SRL;4;;;;www.se.com;S.S. 11 LOC. VILLABELLA S/N;37047;SAN BONIFACIO;Verona;italy;
1018370;MEB SRL;4;;;;www.se.com;VIA ZUEGG, 23;39012;MERANO;Bolzano;italy;
1018377;MEB SRL;4;;;;www.se.com;VIA NAZIONALE 26;;COSTA VOLPINO;Bergamo;italy;
1018378;MEB SRL;4;;;;www.se.com;VIA DELL'ARTIGIANATO,3;35010;LOREGGIA;Padova;italy;
1018382;BI ESSE SPA;4;;;;www.se.com;VIA G. MARCONI 64;;GENOLA;Cuneo;italy;
1018389;MEDEL SRL - LECCE;4;;;;www.se.com;VIA LUIGI CARLUCCIO, 11-13;;LECCE;Lecce;italy;
1018393;BI ESSE SPA;4;;;;www.se.com;VIA SAN FRANCESCO 1;;MONFALCONE;Gorizia;italy;
1018394;MEF SRL;4;;;;www.se.com;VIA KEPLERO 23;;PERO;Milano;italy;
1018397;MEF SRL;4;;;;www.se.com;VIA VARIANTE AURELIA LOTTO 4;19038;SARZANA;La Spezia;italy;
1018403;MEF SRL;4;;;;www.se.com;VIA GUIDO ROSSA 10;;DESIO;Monza e della Brianza;italy;
1018404;BI ESSE SPA;4;;;;www.se.com;VIA SPALLANZANI 7;;MONTECCHIO EMILIA;Reggio Emilia;italy;
1018413;MEF SRL;4;;;;www.se.com;VIA SILICELLA 55;00169;ROMA;Roma;italy;
1018416;MEF SRL;4;;;;www.se.com;STRADA STATALE 467 140;;S. ANTONINO DI CASALGRANDE;Reggio Emilia;italy;
1018420;MEF SRL;4;;;;www.se.com;VIA MANZONI 46;;CINISELLO BALSAMO;Milano;italy;
1018425;MEF SRL;4;;;;www.se.com;VIA DELLA TECNICA 6;;OSNAGO;Lecco;italy;
1018430;MEF SRL CIVITAVECCHIA;4;;;;www.se.com;VIA ANTONIO SILIGATO 4/A;;CIVITAVECCHIA;Roma;italy;
1018431;MEF SRL SALARIA;4;;;;www.se.com;SALITA CASTEL DI GIUBILEO 173;;ROMA;Roma;italy;
1018432;MEF SRL VITERBO;4;;;;www.se.com;VIA FONTECEDRO 9;01100;VITERBO;Viterbo;italy;
1018433;MEGAWATT SPA;4;;;;www.se.com;VIA CAMPANA 233;;POZZUOLI;Napoli;italy;
1018437;BI ESSE SPA;4;;;;www.se.com;VIA P.C. CADOPPI 10;;REGGIO EMILIA;Reggio Emilia;italy;
1018442;NEON TOMA ILLUMINAZIONE SRL;4;;;;www.se.com;VIA L. DE MAGGIO 10/12;73024;MAGLIE;Lecce;italy;
1018443;NEON TOMA ILLUMINAZIONE SRL - CAVALLINO;4;;;;www.se.com;VIA SILVIO PELLICO 15;73020;CAVALLINO;Lecce;italy;
1018444;NEON TOMA ILLUMINAZIONE SRL - MAGLIE 2;4;;;;www.se.com;VIA NICOLA FERRAMOSCA 134;;MAGLIE;Lecce;italy;
1018445;NEON TOMA ILLUMINAZIONE SRL - S.CASSIANO;4;;;;www.se.com;S.S. 275 ZONA PIP LOTTO 7/A KM. SNC;73020;SAN CASSIANO;Lecce;italy;
1018449;BI ESSE SPA;4;;;;www.se.com;VIA FRIULI, 3;;SAN VENDEMIANO;Treviso;italy;
1018458;REMATARLAZZI SPA;4;;;;www.se.com;VIA VILLA MARTELLI Z.I.;;LANCIANO;Chieti;italy;
1018465;REMATARLAZZI SPA;4;;;;www.se.com;V.SALARIA PER L'AQUILA KM. 91+200;;CITTADUCALE;Rieti;italy;
1018469;REMATARLAZZI SPA;4;;;;www.se.com;VIA DEGLI OPERAI 6;;SPOLETO;Perugia;italy;
1018470;REMATARLAZZI SPA;4;;;;www.se.com;VIA NUOVA 7/A;;AVEZZANO;L'Aquila;italy;
1018473;REMATARLAZZI SPA;4;;;;www.se.com;VIA DEI LECCI 4/6;;TERMOLI;Campobasso;italy;
1018480;REMATARLAZZI SPA;4;;;;www.se.com;STRADA STATALE 16 NORD KM. 509;;VASTO;Chieti;italy;
1018481;REMATARLAZZI SPA - CAMPOBASSO;4;;;;www.se.com;VIA MOLINARI, 6;;CAMPOBASSO;Campobasso;italy;
1018483;REMATARLAZZI SPA - CHIETI;4;;;;www.se.com;VIA PO 72;;SAN GIOVANNI TEATINO;Chieti;italy;
1018484;REMATARLAZZI SPA - MONTESILVANO;4;;;;www.se.com;VIA FOSSO FORESTE, 15;;MONTESILVANO;Pescara;italy;
1018485;REMATARLAZZI SPA PRENESTINA;4;;;;www.se.com;VIA DEL MAGGIOLINO 46;;ROMA;Roma;italy;
1018504;BI ESSE SPA;4;;;;www.se.com;VIA ANTONIETTA DE PACE, 5/7;;MIRANDOLA;Modena;italy;
1018506;RIMEP SPA;4;;;;www.se.com;VIA SORIANO 47/49;06132;PERUGIA;Perugia;italy;
1018507;RIMEP SPA;4;;;;www.se.com;VIA RODOLFO MORANDI 5;;CITTà DI CASTELLO;Perugia;italy;
1018508;RIMEP SPA;4;;;;www.se.com;VIA MONTE PEGLIA 24;;ORVIETO;Terni;italy;
1018513;SACCHI GIUSEPPE SPA;4;;;;www.se.com;VIA VANONI 25;23010;PIANTEDO;Sondrio;italy;
1018519;SACCHI GIUSEPPE SPA;4;;;;www.se.com;VIALE EUROPA 1401;;CARONNO PERTUSELLA;Varese;italy;
1018551;SACCHI GIUSEPPE SPA - ALBENGA;4;;;;www.se.com;REGIONE FRONTERO 12;;ALBENGA;Savona;italy;
1018552;SACCHI GIUSEPPE SPA - BRIGA NOVARES;4;;;;www.se.com;VIA BORGOMANERO 91;;BRIGA NOVARESE;Novara;italy;
1018554;SACCHI GIUSEPPE SPA - COSSATO;4;;;;www.se.com;VIA MATTEOTTI 30;13836;COSSATO;Biella;italy;
1018555;SACCHI GIUSEPPE SPA - CREMA;4;;;;www.se.com;VIALE EUROPA 29;;CREMA;Cremona;italy;
1018556;SACCHI GIUSEPPE SPA - LODI;4;;;;www.se.com;VIA DELLA FILANDA 16;;LODI;Lodi;italy;
1018558;SACCHI GIUSEPPE SPA - MAGENTA;4;;;;www.se.com;CORSO EUROPA 82;;MAGENTA;Milano;italy;
1018559;ACMEI SUD SPA;4;;;;www.se.com;VIALE DELLA CROCE ROSSA, 119;;L'AQUILA;L'Aquila;italy;
1018561;SACCHI GIUSEPPE SPA - MILANO;4;;;;www.se.com;VIA SAVONA 127;;MILANO;Milano;italy;
1018562;SACCHI GIUSEPPE SPA - MILANO;4;;;;www.se.com;VIA G. KEPLERO 20;;MILANO;Milano;italy;
1018563;SACCHI GIUSEPPE SPA - MILANO;4;;;;www.se.com;VIA QUARANTA 46;;MILANO;Milano;italy;
1018565;SACCHI GIUSEPPE SPA - NOVARA;4;;;;www.se.com;CORSO TRIESTE 141;;NOVARA;Novara;italy;
1018566;SACCHI GIUSEPPE SPA - VILLAGUARDIA;4;;;;www.se.com;VIA MONTE BIANCO 12;;VILLAGUARDIA;Milano;italy;
1018568;SCARNATI F.LLI SPA - RENDE;4;;;;www.se.com;V. MARCO POLO C.DA LECCO Z.I.;;RENDE;Cosenza;italy;
1018569;SELECTRA SPA ELETTROFORNITURE;4;;;;www.se.com;VIA DI CAMPOTRENTINO, 88;38100;TRENTO;Trento;italy;
1018575;SIME VIGNUDA SPA;4;;;;www.se.com;VIA NUOVA DI CORVA, 115/A;33170;PORDENONE;Pordenone;italy;
1018577;SIME VIGNUDA SPA;4;;;;www.se.com;VIA DEL LAVORO, 34;36016;THIENE;Vicenza;italy;
1018578;SIME VIGNUDA SPA;4;;;;www.se.com;VIA EDISON, 3;31020;VILLORBA;Treviso;italy;
1018580;SIMEVIGNUDA SPA;4;;;;www.se.com;VIA LINZ 193;;SPINI DI GARDOLO;Trento;italy;
1018581;SIMEVIGNUDA SPA;4;;;;www.se.com;VIALE DEL LAVORO 16/D;38068;ROVERETO;Trento;italy;
1018585;SIMEVIGNUDA SPA   .;4;;;;www.se.com;VIA TORRICELLI 9;37135;VERONA;Verona;italy;
1018586;SONEPAR ITALIA - MODUGNO CE.DI.;4;;;;www.se.com;VIA DELLE VIOLETTE 4/6;;MODUGNO;Bari;italy;
1018588;SONEPAR ITALIA SPA;4;;;;www.se.com;VIA NAPOLI 348;80053;CASTELLAMMARE DI STABIA;Napoli;italy;
1018590;SONEPAR ITALIA SPA;4;;;;www.se.com;VIA INNSBRUCK, 31;;BOLZANO;Bolzano;italy;
1018593;BI ESSE SPA;4;;;;www.se.com;VIA PEDEMONTANA 116;;FIORANO MODENESE;Modena;italy;
1018601;SONEPAR ITALIA SPA;4;;;;www.se.com;VIA DEL COMMERCIO, 8;36100;VICENZA;Vicenza;italy;
1018615;BI ESSE SPA FILIALE DI MODENA;4;;;;www.se.com;STRADA SANT' ANNA 659;;MODENA;Modena;italy;
1018637;C.A.M.E.G. SPA;4;;;;www.se.com;STRADA STATALE 7 BIS N° 323-325;80035;NOLA;Napoli;italy;
1018640;SONEPAR ITALIA SPA;4;;;;www.se.com;VIA DELLA FOGARINA 2;;CREMONA;Cremona;italy;
1018670;ACMEI SUD SPA - ANDRIA;4;;;;www.se.com;S.P. 130 ANDRIA -TRANI KM 1,350;;ANDRIA;Barletta-Andria-Trani;italy;
1018688;SONEPAR ITALIA SPA - ASCOLI PICENO;4;;;;www.se.com;VIA DEI GORGHI 40/1;;ASCOLI PICENO;Ascoli Piceno;italy;
1018690;SONEPAR ITALIA SPA - JESI;4;;;;www.se.com;VIALE BRODOLINI 37 Z.I. P.A.C.;;JESI;Ancona;italy;
1018691;SONEPAR ITALIA SPA - MARCIANISE;4;;;;www.se.com;Z.I. MARCIANISE, SP 336 KM 20;;MARCIANISE;Caserta;italy;
1018692;SONEPAR ITALIA SPA - MATERA;4;;;;www.se.com;VIA PRIMO MAGGIO 41;;MATERA;Matera;italy;
1018693;C.I.E.B. ELETTROFORNITURE SPA;4;;;;www.se.com;VIA MAJOCCHI PLATTIS 1;;FERRARA;Ferrara;italy;
1018695;SONEPAR ITALIA SPA - PORTO MANTOVANO;4;;;;www.se.com;VIA ATENE 31;46047;Porto Mantovano;Mantova;italy;
1018697;SONEPAR ITALIA SPA - SENIGALLIA;4;;;;www.se.com;STRADA DELLA BRUCIATA 12;;SENIGALLIA;Ancona;italy;
1018701;STRANO SPA;4;;;;www.se.com;SS 114 N.30-C.DA TARGIA sn;96100;SIRACUSA;;italy;
1018702;STRANO SPA;4;;;;www.se.com;VIALE L. SCIASCIA 27-29-33-35;92100;AGRIGENTO;;italy;
1018703;STRANO SPA;4;;;;www.se.com;VIA CASALE DEI GRECI 5A;95100;ADRANO;Catania;italy;
1018704;C.I.E.B. ELETTROFORNITURE SPA;4;;;;www.se.com;VIA ARANDORA STAR 46A;;PARMA;Parma;italy;
1018705;STRANO SPA;4;;;;www.se.com;VIA DUCA DEGLI ABRUZZI C.DA LECC 12;87036;RENDE;Cosenza;italy;
1018708;STRANO SPA;4;;;;www.se.com;VIA VINCENZO FLORIO C.COMMERCIALE 4;95045;MISTERBIANCO;Catania;italy;
1018709;STRANO SPA;4;;;;www.se.com;S.S. 106 KM. 245,200;;CROTONE;Crotone;italy;
1018710;STRANO SPA;4;;;;www.se.com;VIA MODENA CHIESA 81;89131;REGGIO CALABRIA;Reggio Calabria;italy;
1018711;STRANO SPA;4;;;;www.se.com;P.ZZA PIETRO LUPO 5;95131;CATANIA;Catania;italy;
1018712;STRANO SPA;4;;;;www.se.com;VIA T. MARCELLINI 8/M;90135;PALERMO;Palermo;italy;
1018714;STRANO SPA FILIALE DI MILAZZO;4;;;;www.se.com;VIA TONNARA 1;98057;MILAZZO;Messina;italy;
1018715;C.I.E.B. ELETTROFORNITURE SPA;4;;;;www.se.com;VIA G. LEOPARDI SN;;ROGNO;Bergamo;italy;
1018716;STRANO SPA FILIALE PALERMO II;4;;;;www.se.com;VIA GALILEO GALILEI, 87;90145;PALERMO;Palermo;italy;
1018722;VITALE SUD SRL FILIALE DI SATRIANO;4;;;;www.se.com;VIALE EUROPA 19;;SATRIANO;Catanzaro;italy;
1018724;C.I.E.B. ELETTROFORNITURE SPA;4;;;;www.se.com;VIA VOLTA 1;;DOSSOBUONO DI VILLAFRANCA;Verona;italy;
1018725;C.I.E.B. ELETTROFORNITURE SPA;4;;;;www.se.com;VIA G. ZANELLI 15;;PALAZZOLO S/O;Brescia;italy;
1018726;C.I.E.B. ELETTROFORNITURE SPA;4;;;;www.se.com;VIA BRESCIA 134/F;;MONTICHIARI;Brescia;italy;
1018727;C.I.E.B. ELETTROFORNITURE SPA;4;;;;www.se.com;VIA ELKAN 11;;BOLOGNA;Bologna;italy;
1018728;C.I.E.B. ELETTROFORNITURE SPA;4;;;;www.se.com;VIA G.B. CACCIAMALI 62;;Brescia;Brescia;italy;
