{"Items":[{"Authorized":false,"Responsibilities":[{"Channels":["Distributor"],"Id":null,"Name":"Low Voltage Products and Systems","Url":null,"Description":null,"Image":null}],"Address":{"AddressCountry":"France","AddressLocality":"Argenteuil","AddressRegion":"Val-d\u0027Oise","PostOfficeBoxNumber":null,"PostalCode":"95100","StreetAddress":"3 RUE VERTE","ShopUrl":null,"Id":null,"Name":null,"Url":null,"Description":null,"Image":null},"Contact":{"Telephone":"+33139473650","FaxNumber":null,"Email":null,"Id":null,"Name":null,"Url":"http://www.bis-electric.com","Description":null,"Image":null},"LocationGeo":{"Latitude":48.9382814,"Longitude":2.243540899999971},"Id":"G05432400","Name":"France Europe Electromateriel","Url":null,"Description":"","Image":null},{"Authorized":false,"Responsibilities":[{"Channels":["Distributor"],"Id":null,"Name":"Low Voltage Products and Systems","Url":null,"Description":null,"Image":null}],"Address":{"AddressCountry":"France","AddressLocality":"Montry","AddressRegion":"Seine-et-Marne","PostOfficeBoxNumber":null,"PostalCode":"77450","StreetAddress":"9 Avenue Du 27 Aout 1944","ShopUrl":null,"Id":null,"Name":null,"Url":null,"Description":null,"Image":null},"Contact":{"Telephone":"+33160421212","FaxNumber":null,"Email":null,"Id":null,"Name":null,"Url":"http://www.france-scelles.com","Description":null,"Image":null},"LocationGeo":{"Latitude":48.884924,"Longitude":2.83461360000001},"Id":"G10449023","Name":"France Scelles","Url":null,"Description":"","Image":null},{"Authorized":false,"Responsibilities":[{"Channels":["Distributor"],"Id":null,"Name":"Low Voltage Products and Systems","Url":null,"Description":null,"Image":null}],"Address":{"AddressCountry":"France","AddressLocality":"CHANTEPIE","AddressRegion":"Ille-et-Vilaine","PostOfficeBoxNumber":null,"PostalCode":"35135","StreetAddress":"29 Rue du Bignon ZI Sud-EST","ShopUrl":null,"Id":null,"Name":null,"Url":null,"Description":null,"Image":null},"Contact":{"Telephone":"+33299519107","FaxNumber":null,"Email":null,"Id":null,"Name":null,"Url":"http:///www.francelec.com","Description":null,"Image":null},"LocationGeo":{"Latitude":48.09875,"Longitude":-1.6221},"Id":"G07693036","Name":"Francelec","Url":null,"Description":"","Image":null},{"Authorized":false,"Responsibilities":[{"Channels":["Distributor"],"Id":null,"Name":"Low Voltage Products and Systems","Url":null,"Description":null,"Image":null}],"Address":{"AddressCountry":"France","AddressLocality":"Fontenay-sous-Bois","AddressRegion":"Val-de-Marne","PostOfficeBoxNumber":null,"PostalCode":"94120","StreetAddress":"33, av du Mal-de-Lattre de Tassigny","ShopUrl":null,"Id":null,"Name":null,"Url":null,"Description":null,"Image":null},"Contact":{"Telephone":"+33143943800","FaxNumber":null,"Email":null,"Id":null,"Name":null,"Url":"http://francobelge.sonepar.fr","Description":null,"Image":null},"LocationGeo":{"Latitude":48.85462,"Longitude":2.49277},"Id":"G11293189","Name":"Franco Belge Groupe Sonepar","Url":null,"Description":"","Image":null},{"Authorized":false,"Responsibilities":[{"Channels":["Distributor"],"Id":null,"Name":"Low Voltage Products and Systems","Url":null,"Description":null,"Image":null}],"Address":{"AddressCountry":"France","AddressLocality":"Rosny Sous Bois","AddressRegion":"Seine-Saint-Denis","PostOfficeBoxNumber":null,"PostalCode":"93115","StreetAddress":"91 Blvd Alsace Lorraine","ShopUrl":null,"Id":null,"Name":null,"Url":null,"Description":null,"Image":null},"Contact":{"Telephone":"+33148126969","FaxNumber":null,"Email":null,"Id":null,"Name":null,"Url":"http://www.francofa.fr","Description":null,"Image":null},"LocationGeo":{"Latitude":48.8847614,"Longitude":2.48291140000003},"Id":"G07693056","Name":"Francofa Eurodis SAS","Url":null,"Description":"","Image":null},{"Authorized":false,"Responsibilities":[{"Channels":["Distributor"],"Id":null,"Name":"Low Voltage Products and Systems","Url":null,"Description":null,"Image":null}],"Address":{"AddressCountry":"Malaysia","AddressLocality":"Kota Kinabalu","AddressRegion":"Kuala Lumpur","PostOfficeBoxNumber":null,"PostalCode":"88450","StreetAddress":"Lot 75b, Jalan Kilang Sedco Industrial Estate Kolombong, Off Miles 5 1/2 Jln Tuaran","ShopUrl":"NIL","Id":null,"Name":null,"Url":null,"Description":null,"Image":null},"Contact":{"Telephone":"+6088-425000","FaxNumber":null,"Email":"furse.sales@gmail.com","Id":null,"Name":null,"Url":"http://NIL","Description":null,"Image":null},"LocationGeo":{"Latitude":5.980362,"Longitude":116.10093000000006},"Id":"G05151687","Name":"Furse Electric (Sabah) Sdn Bhd","Url":null,"Description":"Distributor","Image":null},{"Authorized":false,"Responsibilities":[{"Channels":["Distributor"],"Id":null,"Name":"Low Voltage Products and Systems","Url":null,"Description":null,"Image":null}],"Address":{"AddressCountry":"Mexico","AddressLocality":"AZCAPOTZALCO","AddressRegion":"Ciudad de Mexico","PostOfficeBoxNumber":null,"PostalCode":"02000","StreetAddress":"AV AZCAPOTZALCO #696 INT 21 A5 AZCAPOTZALCO CENTRO","ShopUrl":null,"Id":null,"Name":null,"Url":null,"Description":null,"Image":null},"Contact":{"Telephone":null,"FaxNumber":null,"Email":null,"Id":null,"Name":null,"Url":"http://fusestore.com.mx","Description":null,"Image":null},"LocationGeo":{"Latitude":19.4834324,"Longitude":-99.18616299999996},"Id":"G11897448","Name":"FUSE STORE SA DE CV","Url":null,"Description":"Distributor Wholesaler","Image":null},{"Authorized":false,"Responsibilities":[{"Channels":["Distributor"],"Id":null,"Name":"Low Voltage Products and Systems","Url":null,"Description":null,"Image":null}],"Address":{"AddressCountry":"Malaysia","AddressLocality":"Shah Alam","AddressRegion":"Selangor","PostOfficeBoxNumber":null,"PostalCode":"40150","StreetAddress":"No.12A, Jalan Pemberita U1/49, Temasya Industrial Park, Glenmarie","ShopUrl":"Shop.flgroup.com.my","Id":null,"Name":null,"Url":null,"Description":null,"Image":null},"Contact":{"Telephone":"+603 5569 5766","FaxNumber":null,"Email":"info@flgroup.com.my","Id":null,"Name":null,"Url":"http://www.flgroup.com.my","Description":null,"Image":null},"LocationGeo":{"Latitude":3.087351,"Longitude":101.5765689},"Id":"G06155404","Name":"Fuseline Electric \u0026 Engineering Sdn Bhd","Url":null,"Description":"Distributor","Image":null},{"Authorized":false,"Responsibilities":[{"Channels":["Distributor"],"Id":null,"Name":"Low Voltage Products and Systems","Url":null,"Description":null,"Image":null}],"Address":{"AddressCountry":"Argentina","AddressLocality":"La Rioja","AddressRegion":"La Rioja","PostOfficeBoxNumber":null,"PostalCode":"5300","StreetAddress":"Av. Facundo Quiroga 782","ShopUrl":null,"Id":null,"Name":null,"Url":null,"Description":null,"Image":null},"Contact":{"Telephone":"54 3804241877","FaxNumber":null,"Email":"administracion@cromerlr.com","Id":null,"Name":null,"Url":null,"Description":null,"Image":null},"LocationGeo":{"Latitude":-29.41417179999999,"Longitude":-66.86293690000002},"Id":"G07806942","Name":"Garcia Alfredo Ricardo","Url":null,"Description":"","Image":null},{"Authorized":false,"Responsibilities":[{"Channels":["Distributor"],"Id":null,"Name":"Low Voltage Products and Systems","Url":null,"Description":null,"Image":null}],"Address":{"AddressCountry":"Mexico","AddressLocality":"CULIACAN","AddressRegion":"Sinaloa","PostOfficeBoxNumber":null,"PostalCode":"80150","StreetAddress":"AEROPUERTO PTE 5305 COL. SAN RAFAEL","ShopUrl":"www.gastelum.com.mx","Id":null,"Name":null,"Url":null,"Description":null,"Image":null},"Contact":{"Telephone":"+526677144220","FaxNumber":null,"Email":"ventas@gastelum.com.mx","Id":null,"Name":null,"Url":"http://www.gastelum.com.mx","Description":null,"Image":null},"LocationGeo":{"Latitude":24.7744336,"Longitude":-107.45634749999999},"Id":"G07393789","Name":"GASTELUM Y GASTELUM ELECTRICIDAD, S.A. DE C.V.","Url":null,"Description":"Distributor Wholesaler","Image":null},{"Authorized":false,"Responsibilities":[{"Channels":["Distributor"],"Id":null,"Name":"Low Voltage Products and Systems","Url":null,"Description":null,"Image":null}],"Address":{"AddressCountry":"Mexico","AddressLocality":"Ciudad De Mexico","AddressRegion":"Ciudad de Mexico","PostOfficeBoxNumber":null,"PostalCode":"02000","StreetAddress":"696 Avenida Azcapotzalco","ShopUrl":null,"Id":null,"Name":null,"Url":null,"Description":null,"Image":null},"Contact":{"Telephone":"+529982077219","FaxNumber":null,"Email":"rosa.gomez@gatewaysureste.com.mx","Id":null,"Name":null,"Url":"http://gatewaysureste.com","Description":null,"Image":null},"LocationGeo":{"Latitude":19.4834324,"Longitude":-99.18616299999996},"Id":"G11294937","Name":"Gateway Sureste De Mexico Sa De Cv","Url":null,"Description":"Distributor Wholesaler","Image":null},{"Authorized":false,"Responsibilities":[{"Channels":["Distributor"],"Id":null,"Name":"Low Voltage Products and Systems","Url":null,"Description":null,"Image":null}],"Address":{"AddressCountry":"Australia","AddressLocality":"Bella Vista","AddressRegion":"New South Wales","PostOfficeBoxNumber":null,"PostalCode":"2153","StreetAddress":"SUITE 2.12, 29-31 LEXINGTON DRIVE","ShopUrl":"Various - Members Websites","Id":null,"Name":null,"Url":null,"Description":null,"Image":null},"Contact":{"Telephone":"+61 2 8814 1174","FaxNumber":"+612 8814 1173","Email":null,"Id":null,"Name":null,"Url":null,"Description":null,"Image":null},"LocationGeo":{"Latitude":-33.7314388,"Longitude":150.9444261},"Id":"G06895320","Name":"Gemcell Pty Ltd","Url":null,"Description":"Gemcell Electrical Group was established in 1991 under the name Gemcell Australia by six independent NSW electrical wholesalers forming a buying group to allow them to compete with large multinational electrical wholesalers.  In July of 2013 Gemcell Australia changed its name to Gemcell Electrical Group to reflect the operations of the group more clearly.\n\nToday, Gemcell is Australia’s largest electrical wholesale group with 30 independent member companies and a growing network of over 320 branches across the country.  Every member is 100% Australian owned and operated meaning that Gemcell helps to keep profits in Australia and support local jobs and the economy.  Represented in every state and territory, together we can hold our own against the massive foreign-owned multinationals and offer.  Gemcell customers get the best of both worlds – massive buying power combined with personal family service.\n\nIn 2010 Gemcell became a member of IMELCO, an international electrical wholesale group based in Europe, improving our ability to compete in an increasingly global market.","Image":null},{"Authorized":false,"Responsibilities":[{"Channels":["Distributor"],"Id":null,"Name":"Low Voltage Products and Systems","Url":null,"Description":null,"Image":null}],"Address":{"AddressCountry":"Andorra","AddressLocality":"Andorra La Vella","AddressRegion":"Andorra","PostOfficeBoxNumber":null,"PostalCode":"AD500","StreetAddress":"C. de les Costes 10.","ShopUrl":"http://shop.gea.ad","Id":null,"Name":null,"Url":null,"Description":null,"Image":null},"Contact":{"Telephone":"+376 721 201","FaxNumber":null,"Email":"gea@gea.ad","Id":null,"Name":null,"Url":"http://www.gea.ad","Description":null,"Image":null},"LocationGeo":{"Latitude":42.4975906,"Longitude":1.511135999999965},"Id":"G01428355","Name":"General Electrica Andorrana, S.A","Url":null,"Description":"","Image":null},{"Authorized":false,"Responsibilities":[{"Channels":["Distributor"],"Id":null,"Name":"Low Voltage Products and Systems","Url":null,"Description":null,"Image":null}],"Address":{"AddressCountry":"France","AddressLocality":"Saran","AddressRegion":"Loiret","PostOfficeBoxNumber":null,"PostalCode":"45774","StreetAddress":"2123 Rue Nationale 20","ShopUrl":null,"Id":null,"Name":null,"Url":null,"Description":null,"Image":null},"Contact":{"Telephone":"+33238798000","FaxNumber":null,"Email":null,"Id":null,"Name":null,"Url":null,"Description":null,"Image":null},"LocationGeo":{"Latitude":47.987806,"Longitude":1.882279599999947},"Id":"G08408225","Name":"GERONDEAU SAS","Url":null,"Description":"","Image":null},{"Authorized":false,"Responsibilities":[{"Channels":["Distributor"],"Id":null,"Name":"Low Voltage Products and Systems","Url":null,"Description":null,"Image":null}],"Address":{"AddressCountry":"South Africa","AddressLocality":"Polokwane","AddressRegion":"Western Cape","PostOfficeBoxNumber":null,"PostalCode":"0699","StreetAddress":"42 Silicon Street, Ladine","ShopUrl":null,"Id":null,"Name":null,"Url":null,"Description":null,"Image":null},"Contact":{"Telephone":"0027 15 590 0180","FaxNumber":null,"Email":"info@giantmarketing.co.za","Id":null,"Name":null,"Url":null,"Description":null,"Image":null},"LocationGeo":{"Latitude":-23.894796,"Longitude":29.43908},"Id":"G04300743","Name":"Giant Marketing CC","Url":null,"Description":"Electrical wholesaler and panel builders mainly focused on Industry and Agriculture sectors","Image":null},{"Authorized":false,"Responsibilities":[{"Channels":["Distributor"],"Id":null,"Name":"Low Voltage Products and Systems","Url":null,"Description":null,"Image":null}],"Address":{"AddressCountry":"Korea, Republic of","AddressLocality":"Seoul","AddressRegion":"Seoul","PostOfficeBoxNumber":null,"PostalCode":"08504","StreetAddress":"1007ho, Baeksang star tower 2cha,459-22, Gasang-dong, Gumcheon, gu","ShopUrl":null,"Id":null,"Name":null,"Url":null,"Description":null,"Image":null},"Contact":{"Telephone":"+262647889","FaxNumber":null,"Email":"babyhippo@empas.com","Id":null,"Name":null,"Url":null,"Description":null,"Image":null},"LocationGeo":{"Latitude":37.4771019,"Longitude":126.88690640000004},"Id":"G07474298","Name":"GM SYSTECH Co Ltd","Url":null,"Description":"","Image":null},{"Authorized":false,"Responsibilities":[{"Channels":["Distributor"],"Id":null,"Name":"Low Voltage Products and Systems","Url":null,"Description":null,"Image":null}],"Address":{"AddressCountry":"France","AddressLocality":"Cholet","AddressRegion":"Maine-et-Loire","PostOfficeBoxNumber":null,"PostalCode":"49300","StreetAddress":"15 Rue Du Mans","ShopUrl":null,"Id":null,"Name":null,"Url":null,"Description":null,"Image":null},"Contact":{"Telephone":"+33241494149","FaxNumber":null,"Email":null,"Id":null,"Name":null,"Url":"http://www.sonepar.fr","Description":null,"Image":null},"LocationGeo":{"Latitude":47.0740343,"Longitude":-0.86402090000001},"Id":"G03323107","Name":"GMT","Url":null,"Description":"","Image":null},{"Authorized":false,"Responsibilities":[{"Channels":["Distributor"],"Id":null,"Name":"Low Voltage Products and Systems","Url":null,"Description":null,"Image":null}],"Address":{"AddressCountry":"France","AddressLocality":"Saint Malo","AddressRegion":"Ille-et-Vilaine","PostOfficeBoxNumber":null,"PostalCode":"35400","StreetAddress":"19 Rue Du Grand Jardin","ShopUrl":null,"Id":null,"Name":null,"Url":null,"Description":null,"Image":null},"Contact":{"Telephone":"+33299211555","FaxNumber":null,"Email":null,"Id":null,"Name":null,"Url":"http://www.sonepar.com","Description":null,"Image":null},"LocationGeo":{"Latitude":48.62798249999999,"Longitude":-1.98587350000002},"Id":"G07752390","Name":"Gmt Tabur Electricite","Url":null,"Description":"","Image":null},{"Authorized":false,"Responsibilities":[{"Channels":["Distributor"],"Id":null,"Name":"Low Voltage Products and Systems","Url":null,"Description":null,"Image":null}],"Address":{"AddressCountry":"France","AddressLocality":"Laval","AddressRegion":"Mayenne","PostOfficeBoxNumber":null,"PostalCode":"53000","StreetAddress":"76, Boulevard Buffon - ZI Les Touches","ShopUrl":null,"Id":null,"Name":null,"Url":null,"Description":null,"Image":null},"Contact":{"Telephone":"+33243562170","FaxNumber":null,"Email":null,"Id":null,"Name":null,"Url":"http://www.sonepar.com","Description":null,"Image":null},"LocationGeo":{"Latitude":48.0896519,"Longitude":-0.74733170000001},"Id":"G07752371","Name":"Gmt Tabur Electricite","Url":null,"Description":"","Image":null},{"Authorized":false,"Responsibilities":[{"Channels":["Distributor"],"Id":null,"Name":"Low Voltage Products and Systems","Url":null,"Description":null,"Image":null}],"Address":{"AddressCountry":"France","AddressLocality":"Nantes","AddressRegion":"Loire-Atlantique","PostOfficeBoxNumber":null,"PostalCode":"44000","StreetAddress":"25 Bd Batonnier Cholet","ShopUrl":null,"Id":null,"Name":null,"Url":null,"Description":null,"Image":null},"Contact":{"Telephone":"+33251804545","FaxNumber":null,"Email":null,"Id":null,"Name":null,"Url":"http://tabur-electricite.sonepar.fr/","Description":null,"Image":null},"LocationGeo":{"Latitude":47.1992778,"Longitude":-1.61050490000002},"Id":"G07752382","Name":"Gmt Tabur Electricite","Url":null,"Description":"","Image":null},{"Authorized":false,"Responsibilities":[{"Channels":["Distributor"],"Id":null,"Name":"Low Voltage Products and Systems","Url":null,"Description":null,"Image":null}],"Address":{"AddressCountry":"France","AddressLocality":"Vannes","AddressRegion":"Morbihan","PostOfficeBoxNumber":null,"PostalCode":"56000","StreetAddress":"52 Rue Alain Gerbault - Zi Prat","ShopUrl":null,"Id":null,"Name":null,"Url":null,"Description":null,"Image":null},"Contact":{"Telephone":"+33297540478","FaxNumber":null,"Email":null,"Id":null,"Name":null,"Url":"http://tabur-electricite.sonepar.fr/","Description":null,"Image":null},"LocationGeo":{"Latitude":47.6645508,"Longitude":-2.72949219999998},"Id":"G08263057","Name":"GMT TABUR ELECTRICITE","Url":null,"Description":"","Image":null},{"Authorized":false,"Responsibilities":[{"Channels":["Distributor"],"Id":null,"Name":"Low Voltage Products and Systems","Url":null,"Description":null,"Image":null}],"Address":{"AddressCountry":"France","AddressLocality":"Saint Etienne du Rouvray","AddressRegion":"Seine-Maritime","PostOfficeBoxNumber":null,"PostalCode":"76800","StreetAddress":"Bd Industriel BP 447 -Centre de Gros","ShopUrl":null,"Id":null,"Name":null,"Url":null,"Description":null,"Image":null},"Contact":{"Telephone":null,"FaxNumber":null,"Email":null,"Id":null,"Name":null,"Url":"http://www.sonepar.com","Description":null,"Image":null},"LocationGeo":{"Latitude":49.380305,"Longitude":1.108208999999988},"Id":"G08266098","Name":"Gmt Tabur Electricite","Url":null,"Description":"","Image":null},{"Authorized":false,"Responsibilities":[{"Channels":["Distributor"],"Id":null,"Name":"Low Voltage Products and Systems","Url":null,"Description":null,"Image":null}],"Address":{"AddressCountry":"France","AddressLocality":"Damigny","AddressRegion":"Orne","PostOfficeBoxNumber":null,"PostalCode":"61250","StreetAddress":"8 Rue Georges Champetier","ShopUrl":null,"Id":null,"Name":null,"Url":null,"Description":null,"Image":null},"Contact":{"Telephone":"+33233803760","FaxNumber":null,"Email":null,"Id":null,"Name":null,"Url":"http://tabur-electricite.sonepar.fr/","Description":null,"Image":null},"LocationGeo":{"Latitude":48.4506588,"Longitude":0.08545839999999},"Id":"G08263149","Name":"GMT Tabur Electricite","Url":null,"Description":"","Image":null},{"Authorized":false,"Responsibilities":[{"Channels":["Distributor"],"Id":null,"Name":"Low Voltage Products and Systems","Url":null,"Description":null,"Image":null}],"Address":{"AddressCountry":"France","AddressLocality":"Ingre","AddressRegion":"Loiret","PostOfficeBoxNumber":null,"PostalCode":"45140","StreetAddress":"1 Rue Lavoisier","ShopUrl":null,"Id":null,"Name":null,"Url":null,"Description":null,"Image":null},"Contact":{"Telephone":"+33238223535","FaxNumber":null,"Email":null,"Id":null,"Name":null,"Url":"http://www.tabur-electricite.sonepar.fr","Description":null,"Image":null},"LocationGeo":{"Latitude":47.9043671,"Longitude":1.857285999999931},"Id":"G08263137","Name":"Gmt Tabur Electricite","Url":null,"Description":"","Image":null},{"Authorized":false,"Responsibilities":[{"Channels":["Distributor"],"Id":null,"Name":"Low Voltage Products and Systems","Url":null,"Description":null,"Image":null}],"Address":{"AddressCountry":"France","AddressLocality":"FONTENAY SUR EURE","AddressRegion":"Eure-et-Loir","PostOfficeBoxNumber":null,"PostalCode":"28630","StreetAddress":"AVENUE DU VAL DE L\u0027EURE","ShopUrl":null,"Id":null,"Name":null,"Url":null,"Description":null,"Image":null},"Contact":{"Telephone":"+33237913640","FaxNumber":null,"Email":null,"Id":null,"Name":null,"Url":"http://www.sonepar.com","Description":null,"Image":null},"LocationGeo":{"Latitude":48.4206905,"Longitude":1.4475647},"Id":"G02596989","Name":"GMT Tabur Electricite","Url":null,"Description":"","Image":null},{"Authorized":false,"Responsibilities":[{"Channels":["Distributor"],"Id":null,"Name":"Low Voltage Products and Systems","Url":null,"Description":null,"Image":null}],"Address":{"AddressCountry":"France","AddressLocality":"Anges","AddressRegion":"Maine-et-Loire","PostOfficeBoxNumber":null,"PostalCode":"49000","StreetAddress":"13 Rue Vaucanson","ShopUrl":null,"Id":null,"Name":null,"Url":null,"Description":null,"Image":null},"Contact":{"Telephone":"+33241311970","FaxNumber":"+33241311987","Email":"angers.tabur@sonepar.fr","Id":null,"Name":null,"Url":"http://tabur-electricite.sonepar.fr/","Description":null,"Image":null},"LocationGeo":{"Latitude":47.4836183,"Longitude":-0.54579720000003},"Id":"G08263091","Name":"Gmt Tabur Electricite","Url":null,"Description":"","Image":null},{"Authorized":false,"Responsibilities":[{"Channels":["Distributor"],"Id":null,"Name":"Low Voltage Products and Systems","Url":null,"Description":null,"Image":null}],"Address":{"AddressCountry":"France","AddressLocality":"Bernay","AddressRegion":"Eure","PostOfficeBoxNumber":null,"PostalCode":"27300","StreetAddress":"Rue De La Grande Malouve, Parc Activites Parc Expositions","ShopUrl":null,"Id":null,"Name":null,"Url":null,"Description":null,"Image":null},"Contact":{"Telephone":"+33232959080","FaxNumber":null,"Email":null,"Id":null,"Name":null,"Url":"http://www.tabur-electricite.sonepar.fr","Description":null,"Image":null},"LocationGeo":{"Latitude":49.0679194,"Longitude":0.57912099999998},"Id":"G08263118","Name":"GMT Tabur Electricite","Url":null,"Description":"","Image":null},{"Authorized":false,"Responsibilities":[{"Channels":["Distributor"],"Id":null,"Name":"Low Voltage Products and Systems","Url":null,"Description":null,"Image":null}],"Address":{"AddressCountry":"France","AddressLocality":"Le Mans","AddressRegion":"Sarthe","PostOfficeBoxNumber":null,"PostalCode":"72100","StreetAddress":"58 Boulevard Pierre Lefaucheux","ShopUrl":null,"Id":null,"Name":null,"Url":null,"Description":null,"Image":null},"Contact":{"Telephone":"+33243612626","FaxNumber":null,"Email":null,"Id":null,"Name":null,"Url":"http://tabur-electricite.sonepar.fr/","Description":null,"Image":null},"LocationGeo":{"Latitude":47.9574433,"Longitude":0.17695479999997},"Id":"G08263070","Name":"Gmt Tabur Electricite","Url":null,"Description":"","Image":null},{"Authorized":false,"Responsibilities":[{"Channels":["Distributor"],"Id":null,"Name":"Low Voltage Products and Systems","Url":null,"Description":null,"Image":null}],"Address":{"AddressCountry":"France","AddressLocality":"St Martin Des Champs","AddressRegion":"Manche","PostOfficeBoxNumber":null,"PostalCode":"50300","StreetAddress":"Route De Saint Hilaire -Zi Les Chesnel","ShopUrl":null,"Id":null,"Name":null,"Url":null,"Description":null,"Image":null},"Contact":{"Telephone":"+33233891489","FaxNumber":null,"Email":null,"Id":null,"Name":null,"Url":"http://www.sonepar.com","Description":null,"Image":null},"LocationGeo":{"Latitude":48.670253,"Longitude":-1.33029090000002},"Id":"G08266102","Name":"Gmt Tabur Electricite","Url":null,"Description":"","Image":null},{"Authorized":false,"Responsibilities":[{"Channels":["Distributor"],"Id":null,"Name":"Low Voltage Products and Systems","Url":null,"Description":null,"Image":null}],"Address":{"AddressCountry":"France","AddressLocality":"Cesson Sevigne","AddressRegion":"Ille-et-Vilaine","PostOfficeBoxNumber":null,"PostalCode":"35510","StreetAddress":"17 Rue Des Landelles","ShopUrl":null,"Id":null,"Name":null,"Url":null,"Description":null,"Image":null},"Contact":{"Telephone":"+33243612687","FaxNumber":null,"Email":null,"Id":null,"Name":null,"Url":null,"Description":null,"Image":null},"LocationGeo":{"Latitude":48.1021918,"Longitude":-1.62711149999995},"Id":"G08077655","Name":"GMT Tabur Electricite Cesson Sevign","Url":null,"Description":"","Image":null},{"Authorized":false,"Responsibilities":[{"Channels":["Distributor"],"Id":null,"Name":"Low Voltage Products and Systems","Url":null,"Description":null,"Image":null}],"Address":{"AddressCountry":"France","AddressLocality":"Dreux","AddressRegion":"Eure-et-Loir","PostOfficeBoxNumber":null,"PostalCode":"28100","StreetAddress":"Rue Andre Ravale","ShopUrl":null,"Id":null,"Name":null,"Url":null,"Description":null,"Image":null},"Contact":{"Telephone":"+33237630240","FaxNumber":null,"Email":null,"Id":null,"Name":null,"Url":"http://www.sonepar.com","Description":null,"Image":null},"LocationGeo":{"Latitude":48.75236659999999,"Longitude":1.35676890000002},"Id":"G02596990","Name":"GMT Tabur Electricite Dreux","Url":null,"Description":"","Image":null},{"Authorized":false,"Responsibilities":[{"Channels":["Distributor"],"Id":null,"Name":"Low Voltage Products and Systems","Url":null,"Description":null,"Image":null}],"Address":{"AddressCountry":"France","AddressLocality":"Quimper","AddressRegion":"Finistere","PostOfficeBoxNumber":null,"PostalCode":"29000","StreetAddress":"8 Rue Ste Anne De Guelen","ShopUrl":null,"Id":null,"Name":null,"Url":null,"Description":null,"Image":null},"Contact":{"Telephone":"+33298902745","FaxNumber":null,"Email":null,"Id":null,"Name":null,"Url":"http://www.tabur-electricite.sonepar.fr","Description":null,"Image":null},"LocationGeo":{"Latitude":47.9836866,"Longitude":-4.028007200000047},"Id":"G08263096","Name":"GMT Tabur Electricite Quimper","Url":null,"Description":"","Image":null},{"Authorized":false,"Responsibilities":[{"Channels":["Distributor"],"Id":null,"Name":"Low Voltage Products and Systems","Url":null,"Description":null,"Image":null}],"Address":{"AddressCountry":"France","AddressLocality":"Montoir De Bretagne","AddressRegion":"Loire-Atlantique","PostOfficeBoxNumber":null,"PostalCode":"44550","StreetAddress":"118 Rue Henri Gautier","ShopUrl":null,"Id":null,"Name":null,"Url":null,"Description":null,"Image":null},"Contact":{"Telephone":"+33296858665","FaxNumber":null,"Email":null,"Id":null,"Name":null,"Url":"http://www.sonepar.fr","Description":null,"Image":null},"LocationGeo":{"Latitude":47.3089841,"Longitude":-2.17666009999993},"Id":"G08168305","Name":"GMT Tabur Montoir","Url":null,"Description":"","Image":null},{"Authorized":false,"Responsibilities":[{"Channels":["Distributor"],"Id":null,"Name":"Low Voltage Products and Systems","Url":null,"Description":null,"Image":null}],"Address":{"AddressCountry":"Spain","AddressLocality":"Azpeitia","AddressRegion":"Gipuzkoa","PostOfficeBoxNumber":null,"PostalCode":"20730","StreetAddress":"Arretxe Kalea, 23","ShopUrl":null,"Id":null,"Name":null,"Url":null,"Description":null,"Image":null},"Contact":{"Telephone":"34943151075","FaxNumber":null,"Email":"info@gobecam.com","Id":null,"Name":null,"Url":"http://https://gobecam.com/","Description":null,"Image":null},"LocationGeo":{"Latitude":43.1800004,"Longitude":-2.258462},"Id":"G12136991","Name":"Gobecam Distribucion Tecnica","Url":null,"Description":"","Image":null},{"Authorized":false,"Responsibilities":[{"Channels":["Distributor"],"Id":null,"Name":"Low Voltage Products and Systems","Url":null,"Description":null,"Image":null}],"Address":{"AddressCountry":"Indonesia","AddressLocality":"Jakarta Utara","AddressRegion":"Jakarta","PostOfficeBoxNumber":null,"PostalCode":"14240","StreetAddress":"Komplek Ruko Gading Bukit Indah Blok E/12, Jalan Bukit Gading Raya, Kelapa Gading","ShopUrl":null,"Id":null,"Name":null,"Url":null,"Description":null,"Image":null},"Contact":{"Telephone":"021-45841211, 021-45842043, 021-45875194","FaxNumber":null,"Email":"bart_tjondro@goudensukses.com","Id":null,"Name":null,"Url":"http://www.goudensukses.com","Description":null,"Image":null},"LocationGeo":{"Latitude":-6.148744,"Longitude":106.898534},"Id":"G08880122","Name":"GOUDEN SUKSES SAKTI, PT","Url":null,"Description":"","Image":null},{"Authorized":false,"Responsibilities":[{"Channels":["Distributor"],"Id":null,"Name":"Low Voltage Products and Systems","Url":null,"Description":null,"Image":null}],"Address":{"AddressCountry":"Poland","AddressLocality":"Wroclaw","AddressRegion":"dolnoslaskie","PostOfficeBoxNumber":null,"PostalCode":"53-657","StreetAddress":"Dluga 11/13","ShopUrl":"www.marketelektryczny.pl","Id":null,"Name":null,"Url":null,"Description":null,"Image":null},"Contact":{"Telephone":"71 723 72 20","FaxNumber":null,"Email":"dluga@grodno.pl","Id":null,"Name":null,"Url":"http://www.grodno.pl","Description":null,"Image":null},"LocationGeo":{"Latitude":51.118753,"Longitude":17.01717229999997},"Id":"G09913718","Name":"Grodno","Url":null,"Description":"GRODNO Oddział Wrocław","Image":null},{"Authorized":false,"Responsibilities":[{"Channels":["Distributor"],"Id":null,"Name":"Low Voltage Products and Systems","Url":null,"Description":null,"Image":null}],"Address":{"AddressCountry":"Poland","AddressLocality":"Bialystok","AddressRegion":"podlaskie","PostOfficeBoxNumber":null,"PostalCode":"15-111","StreetAddress":"al. Tysiaclecia Panstwa Polskiego 2","ShopUrl":"www.marketelektryczny.pl","Id":null,"Name":null,"Url":null,"Description":null,"Image":null},"Contact":{"Telephone":"85 743 61 42","FaxNumber":null,"Email":"bialystok@grodno.pl","Id":null,"Name":null,"Url":"http://www.grodno.pl","Description":null,"Image":null},"LocationGeo":{"Latitude":53.14241,"Longitude":23.1573},"Id":"G11355744","Name":"Grodno oddzial Bialystok","Url":null,"Description":"GRODNO Oddział Białystok","Image":null},{"Authorized":false,"Responsibilities":[{"Channels":["Distributor"],"Id":null,"Name":"Low Voltage Products and Systems","Url":null,"Description":null,"Image":null}],"Address":{"AddressCountry":"Poland","AddressLocality":"Suwalki","AddressRegion":"podlaskie","PostOfficeBoxNumber":null,"PostalCode":"16-400","StreetAddress":"ul. Przytorowa 19","ShopUrl":"www.marketelektryczny.pl","Id":null,"Name":null,"Url":null,"Description":null,"Image":null},"Contact":{"Telephone":"87 735 15 16","FaxNumber":null,"Email":"przytorowa@grodno.pl","Id":null,"Name":null,"Url":"http://www.grodno.pl","Description":null,"Image":null},"LocationGeo":{"Latitude":54.10136,"Longitude":22.95014},"Id":"G11272232","Name":"Grodno oddzial Suwalki","Url":null,"Description":"GRODNO Oddział Suwałki","Image":null},{"Authorized":false,"Responsibilities":[{"Channels":["Distributor"],"Id":null,"Name":"Low Voltage Products and Systems","Url":null,"Description":null,"Image":null}],"Address":{"AddressCountry":"Poland","AddressLocality":"Radom","AddressRegion":"mazowieckie","PostOfficeBoxNumber":null,"PostalCode":"26-612","StreetAddress":"Biznesowa 2","ShopUrl":"www.marketelektryczny.pl","Id":null,"Name":null,"Url":null,"Description":null,"Image":null},"Contact":{"Telephone":"48 685 50 39","FaxNumber":null,"Email":"biznesowa@grodno.pl","Id":null,"Name":null,"Url":"http://www.grodno.pl","Description":null,"Image":null},"LocationGeo":{"Latitude":51.3908259,"Longitude":21.14727300000004},"Id":"G08732229","Name":"Grodno S.A","Url":null,"Description":"GRODNO Oddział Radom","Image":null},{"Authorized":false,"Responsibilities":[{"Channels":["Distributor"],"Id":null,"Name":"Low Voltage Products and Systems","Url":null,"Description":null,"Image":null}],"Address":{"AddressCountry":"Poland","AddressLocality":"Katowice","AddressRegion":"slaskie","PostOfficeBoxNumber":null,"PostalCode":"40-600","StreetAddress":"Kosciuszki 227","ShopUrl":"www.marketelektryczny.pl","Id":null,"Name":null,"Url":null,"Description":null,"Image":null},"Contact":{"Telephone":"32 253 08 90","FaxNumber":"+48 32 253 08 95","Email":"kosciuszki@grodno.pl","Id":null,"Name":null,"Url":"http://www.grodno.pl","Description":null,"Image":null},"LocationGeo":{"Latitude":50.22495,"Longitude":18.9891599},"Id":"G10432838","Name":"Grodno S.A.","Url":null,"Description":"GRODNO Oddział Katowice","Image":null},{"Authorized":false,"Responsibilities":[{"Channels":["Distributor"],"Id":null,"Name":"Low Voltage Products and Systems","Url":null,"Description":null,"Image":null}],"Address":{"AddressCountry":"Poland","AddressLocality":"Bielsko-Biala","AddressRegion":"slaskie","PostOfficeBoxNumber":null,"PostalCode":"43-300","StreetAddress":"Piekarska 20","ShopUrl":"www.marketelektryczny.pl","Id":null,"Name":null,"Url":null,"Description":null,"Image":null},"Contact":{"Telephone":"33 814 02 47","FaxNumber":null,"Email":"piekarska@grodno.pl","Id":null,"Name":null,"Url":"http://www.grodno.pl","Description":null,"Image":null},"LocationGeo":{"Latitude":49.83381,"Longitude":19.05849},"Id":"G10433954","Name":"Grodno S.A.","Url":null,"Description":"GRODNO Oddział Bielsko-Biała","Image":null},{"Authorized":false,"Responsibilities":[{"Channels":["Distributor"],"Id":null,"Name":"Low Voltage Products and Systems","Url":null,"Description":null,"Image":null}],"Address":{"AddressCountry":"Poland","AddressLocality":"Elk","AddressRegion":"warminsko-mazurskie","PostOfficeBoxNumber":null,"PostalCode":"19-300","StreetAddress":"Karola Augusta Bahrkego 5","ShopUrl":"www.marketelektryczny.pl","Id":null,"Name":null,"Url":null,"Description":null,"Image":null},"Contact":{"Telephone":"87 735 15 33","FaxNumber":null,"Email":"elk@grodno.pl","Id":null,"Name":null,"Url":"http://www.grodno.pl","Description":null,"Image":null},"LocationGeo":{"Latitude":53.83472,"Longitude":22.35711},"Id":"G11436147","Name":"Grodno S.A.","Url":null,"Description":"GRODNO Oddział Ełk","Image":null},{"Authorized":false,"Responsibilities":[{"Channels":["Distributor"],"Id":null,"Name":"Low Voltage Products and Systems","Url":null,"Description":null,"Image":null}],"Address":{"AddressCountry":"Poland","AddressLocality":"Zielona Gora","AddressRegion":"lubuskie","PostOfficeBoxNumber":null,"PostalCode":"65-021","StreetAddress":"ul. Dabrowskiego 55","ShopUrl":"www.marketelektryczny.pl","Id":null,"Name":null,"Url":null,"Description":null,"Image":null},"Contact":{"Telephone":"68 411 13 16","FaxNumber":null,"Email":"dabrowskiego@grodno.pl","Id":null,"Name":null,"Url":"http://www.grodno.pl","Description":null,"Image":null},"LocationGeo":{"Latitude":51.9466775,"Longitude":15.496413399999938},"Id":"G09928812","Name":"Grodno S.A.","Url":null,"Description":"GRODNO Oddział Zielona Góra","Image":null},{"Authorized":false,"Responsibilities":[{"Channels":["Distributor"],"Id":null,"Name":"Low Voltage Products and Systems","Url":null,"Description":null,"Image":null}],"Address":{"AddressCountry":"Poland","AddressLocality":"Czestochowa","AddressRegion":"slaskie","PostOfficeBoxNumber":null,"PostalCode":"42-200","StreetAddress":"Waly Dwernickiego 159","ShopUrl":"www.marketelektryczny.pl","Id":null,"Name":null,"Url":null,"Description":null,"Image":null},"Contact":{"Telephone":"34 367 10 72","FaxNumber":null,"Email":"dwernickiego@grodno.pl","Id":null,"Name":null,"Url":"http://www.grodno.pl","Description":null,"Image":null},"LocationGeo":{"Latitude":50.82569,"Longitude":19.13041},"Id":"G10431473","Name":"Grodno S.A.","Url":null,"Description":"GRODNO Oddział Częstochowa","Image":null},{"Authorized":false,"Responsibilities":[{"Channels":["Distributor"],"Id":null,"Name":"Low Voltage Products and Systems","Url":null,"Description":null,"Image":null}],"Address":{"AddressCountry":"Poland","AddressLocality":"Wroclaw","AddressRegion":"dolnoslaskie","PostOfficeBoxNumber":null,"PostalCode":"50-427","StreetAddress":"ul. Krakowska 98","ShopUrl":"www.marketelektryczny.pl","Id":null,"Name":null,"Url":null,"Description":null,"Image":null},"Contact":{"Telephone":"71 723 01 42","FaxNumber":null,"Email":"krakowska33@grodno.pl","Id":null,"Name":null,"Url":"http://www.grodno.pl","Description":null,"Image":null},"LocationGeo":{"Latitude":51.09097,"Longitude":17.06426},"Id":"G11270044","Name":"Grodno S.A. - oddzial Wroclaw","Url":null,"Description":"GRODNO Oddział Wrocław","Image":null},{"Authorized":false,"Responsibilities":[{"Channels":["Distributor"],"Id":null,"Name":"Low Voltage Products and Systems","Url":null,"Description":null,"Image":null}],"Address":{"AddressCountry":"Poland","AddressLocality":"Warszawa","AddressRegion":"mazowieckie","PostOfficeBoxNumber":null,"PostalCode":"00-344","StreetAddress":"Dobra 26","ShopUrl":"www.marketelektryczny.pl","Id":null,"Name":null,"Url":null,"Description":null,"Image":null},"Contact":{"Telephone":"22 826 16 12","FaxNumber":null,"Email":"dobra@grodno.pl","Id":null,"Name":null,"Url":"http://www.grodno.pl","Description":null,"Image":null},"LocationGeo":{"Latitude":52.23857,"Longitude":21.02833},"Id":"G10435973","Name":"Grodno Spolka Akcyjna","Url":null,"Description":"GRODNO Oddział Warszawa","Image":null},{"Authorized":false,"Responsibilities":[{"Channels":["Distributor"],"Id":null,"Name":"Low Voltage Products and Systems","Url":null,"Description":null,"Image":null}],"Address":{"AddressCountry":"Poland","AddressLocality":"Warszawa","AddressRegion":"mazowieckie","PostOfficeBoxNumber":null,"PostalCode":"01-854","StreetAddress":"Broniewskiego 74","ShopUrl":"www.marketelektryczny.pl","Id":null,"Name":null,"Url":null,"Description":null,"Image":null},"Contact":{"Telephone":"22 633 88 70","FaxNumber":null,"Email":"broniewskiego@grodno.pl","Id":null,"Name":null,"Url":"http://www.grodno.pl","Description":null,"Image":null},"LocationGeo":{"Latitude":52.27527,"Longitude":20.93908},"Id":"G10432840","Name":"Grodno Spolka Akcyjna","Url":null,"Description":"GRODNO Oddział Warszawa","Image":null},{"Authorized":false,"Responsibilities":[{"Channels":["Distributor"],"Id":null,"Name":"Low Voltage Products and Systems","Url":null,"Description":null,"Image":null}],"Address":{"AddressCountry":"Poland","AddressLocality":"Warszawa","AddressRegion":"mazowieckie","PostOfficeBoxNumber":null,"PostalCode":"03-671","StreetAddress":"Radzyminska 186","ShopUrl":"www.marketelektryczny.pl","Id":null,"Name":null,"Url":null,"Description":null,"Image":null},"Contact":{"Telephone":"22 250 17 34","FaxNumber":"22 678 45 14","Email":"radzyminska@grodno.pl","Id":null,"Name":null,"Url":"http://www.grodno.pl","Description":null,"Image":null},"LocationGeo":{"Latitude":52.27922,"Longitude":21.06962},"Id":"G10433002","Name":"Grodno Spolka Akcyjna","Url":null,"Description":"GRODNO Oddział Warszawa","Image":null},{"Authorized":false,"Responsibilities":[{"Channels":["Distributor"],"Id":null,"Name":"Low Voltage Products and Systems","Url":null,"Description":null,"Image":null}],"Address":{"AddressCountry":"Poland","AddressLocality":"Warszawa","AddressRegion":"mazowieckie","PostOfficeBoxNumber":null,"PostalCode":"02-971","StreetAddress":"Waflowa 1","ShopUrl":"www.marketelektryczny.pl","Id":null,"Name":null,"Url":null,"Description":null,"Image":null},"Contact":{"Telephone":"22 642 17 03","FaxNumber":null,"Email":"waflowa@grodno.pl","Id":null,"Name":null,"Url":"http://www.grodno.pl","Description":null,"Image":null},"LocationGeo":{"Latitude":52.11777,"Longitude":21.10692},"Id":"G10431890","Name":"Grodno Spolka Akcyjna","Url":null,"Description":"GRODNO Oddział Warszawa","Image":null},{"Authorized":false,"Responsibilities":[{"Channels":["Distributor"],"Id":null,"Name":"Low Voltage Products and Systems","Url":null,"Description":null,"Image":null}],"Address":{"AddressCountry":"Poland","AddressLocality":"Warszawa","AddressRegion":"mazowieckie","PostOfficeBoxNumber":null,"PostalCode":"03-186","StreetAddress":"Modlinska 103","ShopUrl":"www.marketelektryczny.pl","Id":null,"Name":null,"Url":null,"Description":null,"Image":null},"Contact":{"Telephone":"22 250 17 39","FaxNumber":"22 250 17 38","Email":"modlinska@grodno.pl","Id":null,"Name":null,"Url":"http://www.grodno.pl","Description":null,"Image":null},"LocationGeo":{"Latitude":52.31234,"Longitude":20.97761},"Id":"G10432806","Name":"Grodno Spolka Akcyjna","Url":null,"Description":"GRODNO Oddział Warszawa","Image":null}],"Skip":1550,"Total":2996}