Customer number;Customer name;Customer type;Number;E-mail;Address;Remark;Address row 1;Zip code;City/Province;State/Region;Country;
1005707;REXEL FRANCE SAS;4;;;;www.se.com;33 BOULEVARD LENINE;76800;ST ETIENNE DU ROUVRAY CEDEX;;France;
1005887;ROUTHIAU ET FILS;4;;;;www.se.com;RUE BLAISE PASCAL;85430;AUBIGNY-LES CLOUZEAUX;;France;
1005982;SONEPAR CONNECT;4;;;;www.se.com;RUE NORBERT SEGARD;59223;RONCQ;;France;
1005985;SONEPAR CONNECT;4;;;;www.se.com;14 RUE DE MAYENCE;21078;DIJON CEDEX;;France;
1005986;SONEPAR CONNECT;4;;;;www.se.com;11 RUE DES SERRURIERS;57073;METZ CEDEX 03;;France;
1005987;SONEPAR CONNECT;4;;;;www.se.com;5 Avenue Jules FERRY;92245;MALAKOFF CEDEX;;France;
1005988;SONEPAR CONNECT;4;;;;www.se.com;60 boulevard pierre lefaucheux;72029;Le Mans;;France;
1006048;CDL VALENCIENNES;4;;;;www.se.com;RUE PAUL ELUARD;59121;PROUVY;;France;
1006247;AMELEC;4;;;;www.se.com;1 ALLE DES NIELLES;74600;SEYNOD;;France;
1006456;YESSS EXPORT;4;;;;www.se.com;RUE FRANCIS GARNIER;33300;BORDEAUX;;France;
1006731;AURELEC;4;;;;www.se.com;125 AVENUE DE CONTHE;15000;AURILLAC;;France;
1006852;COMPTOIR ELECTRIQUE FRANCAIS;4;;;;www.se.com;RUE DE LA RENARDIERE;62300;LENS;;France;
1007038;ETABLISSEMENT MAILLARD;4;;;;www.se.com;LA FERRIERE;35400;SAINT MALO;;France;
1007069;LEGALLAIS;4;;;;www.se.com;AVENUE MAGUDAS;33320;EYSINES;;France;
1007072;LEGALLAIS;4;;;;www.se.com;62 BOULEVARD RICHARD LENOIR;75011;PARIS;;France;
1007073;LEGALLAIS;4;;;;www.se.com;1 RUE PHILIPPE LEBON;14120;MONDEVILLE;;France;
1007208;REXEL;4;;;;www.se.com;74 RUE DE PARIS;93130;NOISY LE SEC;;France;
1007223;REXEL - SAINT LAURENT DU VAR;4;;;;www.se.com;ALLEE DES PEINTRES;06700;ST LAURENT DU VAR;;France;
1007280;REXEL FRANCE SAS;4;;;;www.se.com;1 RUE JACQUES-HENRY LARTIGUE;92130;ISSY LES MOULINEAUX;;France;
1007320;REXEL FRANCE SAS;4;;;;www.se.com;RUE DE LA POINTE -ZI A;59113;SECLIN;;France;
999944;Monnier;4;;;www.monnier-pmd.fr;www.abb.com;810 Rue Du Verger;44150;Ancenis;Loire-Atlantique;france;
1000170;2ED;4;;;www.2ed.fr;www.abb.com;ZA EUROPE II;50000;ST LO;Manche;france;
1000185;AER YESSS DISTRIBUTION;4;;;www.yesss-fr.com;www.abb.com;270 Avenue Des Patis;78680;Epone;Yvelines;france;
1000206;Alliantz Pv;4;;;www.alliantz.fr;www.abb.com;44 Avenue Paul Sabatier;11100;Narbonne;Aude;france;
1000226;ANDRETY - CARPENTRAS;4;;;www.andrety.fr/;www.abb.com;1113 Avenue Dwight-Eisenhower;84200;Carpentras;Vaucluse;france;
1000241;Anixter France Sarl;4;;;www.anixter.fr;www.abb.com;5 Rue Francis De Pressense;93210;La Plaine Saint Denis;Seine-Saint-Denis;france;
1000291;Baltzinger - Sonepar;4;;;baltzinger.sonepar.fr/;www.abb.com;1 Rue du Doubs;67000;Strasbourg;Bas-Rhin;france;
1000307;BFSA;4;;;www.balitrand.fr;www.abb.com;183 Avenue De La Roubine;06150;Cannes La Bocca;Alpes-Maritimes;france;
1000310;Bizline SAS;4;;;www.bizline.com;www.abb.com;13 BLD DU FORT DE VAUX;75017;Paris;Paris;france;
1000321;BROSSETTE SAINT AIGNAN GRANDLIEU;4;;;www.cedeo.fr;www.abb.com;15 Rue Antoine De Saint Exupery;44860;St Aignan Grandlieu;Loire-Atlantique;france;
1000329;BURON DISTRIBUTION SAS LAVAL;4;;;www.buron.fr;www.abb.com;169 BOULEVARD DENIS PAPIN;53000;Laval;Mayenne;france;
1000355;Cappe Soredis;4;;;www.cappe-soredis.com;www.abb.com;6 Rue De La Garenne;44700;Orvault;Loire-Atlantique;france;
1000367;Cdl Elec Brest;4;;;www.cdl-elec.fr;www.abb.com;48 Rue De Tourbian, ZI De Kergonan;29490;Guipavas;Finistere;france;
1000368;CDL ELEC SAINT LEONARD;4;;;www.cdl-elec.fr;www.abb.com;14 RUE BLERIOT;62360;Saint Leonard;Pas-de-Calais;france;
1000370;Cef;4;;;www.yesss-fr.com;www.abb.com;3 Rue De La Duronne;07200;Aubenas;Ardennes;france;
1000374;CEF ALES SUD AG 292;4;;;www.yesss-fr.com;www.abb.com;1115 Route d'Uzes;30100;Ales;Gard;france;
1000378;CEF BAYONNE AG 291;4;;;www.yesss-fr.com;www.abb.com;4 Chemin De Trouillet;64100;Bayonne;Pyrenees-Atlantiques;france;
1000382;Cef Brioude;4;;;www.yesss-fr.com;www.abb.com;Zi Chaud Basse;43100;Cohade;Loire (Haute);france;
1000385;CEF CHALON SUR SAONE;4;;;www.yesss-fr.com;www.abb.com;21 RUE LOUIS JACQUES THENARD;71100;CHALON-SUR-SAONE;Saone-et-Loire;france;
1000387;CEF Construction;4;;;www.yesss-fr.com;www.abb.com;76 rue des Tiphoines;91240;Saint Michel sur Orge;Essonne;france;
1000389;CEF DEAUVILLE;4;;;www.yesss-fr.com;www.abb.com;Boite Postale 63 TOUQUES;14800;Deauville;Calvados;france;
1000392;CEF DR BRETAGNE EST;4;;;www.yesss-fr.com;www.abb.com;10 RUE DES GUERETS BP 45224;44352;GUERANDE;Loire-Atlantique;france;
1000396;CEF DR PARIS NORD OUEST;4;;;www.yesss-fr.com;www.abb.com;107 RUE DE PARIS;95310;ST OUEN L AUMONE;Val-d'Oise;france;
1000400;Cef La Ferte Bernard;4;;;www.yesss-fr.com;www.abb.com;Za Les Carrieres;72400;CHERRE;Sarthe;france;
1000403;CEF MARSEILLE;4;;;www.yesss-fr.com;www.abb.com;49 RUE BENJAMIN DELESSERT;13010;MARSEILLE;Bouches-du-Rhone;france;
1000405;CEF MONTELIMAR;4;;;www.yesss-fr.com;www.abb.com;10 RUE PERTDIGUIER;26200;MONTELIMAR;Drome;france;
1000407;Cef Nord;4;;;www.cefnord.com;www.abb.com;80 Rue D Ennevelin;59710;Avelin;Nord;france;
1000415;CEF SAS PORTO VECCHIO AG 296;4;;;www.yesss-fr.com;www.abb.com;Lieu Dit Vetta;20137;Porto-Vecchio;Corse-du-Sud;france;
1000417;CEF TOULON AG 303;4;;;www.yesss-fr.com;www.abb.com;Boulevard Ferdinant De Lesseps;83000;Toulon;Var;france;
1000421;CEF YESSS AGDE AG 288;4;;;www.yesss-fr.com;www.abb.com;9 Rue Pierre Paul Riquet Zi Des Septe Fonts;34300;Agde;Herault;france;
1000422;CEF YESSS AMIENS;4;;;www.yesss-fr.com;www.abb.com;56 RUE DES ARCHICAMPS ESPACE INDUSTRIEL NORD;80080;AMIENS;Somme;france;
1000424;CEF Yesss Electrique;4;;;www.yesss-fr.com;www.abb.com;74 RUE DU CHAMP ROMAN;38400;ST MARTIN D HERES;Isere;france;
1000425;CEF YESSS ELECTRIQUE;4;;;www.yesss-fr.com;www.abb.com;SAINT-OMER RUE DU SMETZ ZAC PORTE MULTIMODALE DE L'AA;62120;CAMPAGNE LES WARDRECQUES;Pas-de-Calais;france;
1000427;CEF Yesss Electrique;4;;;www.yesss-fr.com;www.abb.com;71 RUE LAZARE CARNOT;61250;DAMIGNY;Orne;france;
1000429;CEF YESSS ELECTRIQUE GRASSE;4;;;www.yesss-fr.com;www.abb.com;19 ROUTE DU PLAN;06130;GRASSE;Alpes-Maritimes;france;
1000430;CEF- YESSS ELECTRIQUE ST BREVIN;4;;;www.yesss-fr.com;www.abb.com;RUE GUSTAV EIFFEL;44250;SAINT BREVIN;Loire-Atlantique;france;
1000433;Cef Yesss Nancy;4;;;www.yesss-fr.com;www.abb.com;1 Rue Des Egrez;54180;Houdemont;Meurthe-et-Moselle;france;
1000435;CEF YESSS REIMS;4;;;www.yesss-fr.com;www.abb.com;1 RUE BENOIT FRACHON;51100;REIMS;Marne;france;
1000436;CEFB AMIENS;4;;;www.sonepar.com;www.abb.com;11 avenue Roger Dumoulin;80046;Amiens;Somme;france;
1000438;CEFELEC;4;;;www.yesss-fr.com;www.abb.com;18 RUE DES CERISIERS;60290;Laigneville;Oise;france;
1000439;CEFELEC;4;;;www.yesss-fr.com;www.abb.com;15 Rue Cail;75010;Paris;Paris;france;
1000441;Ceff Le Blanc Mesnil;4;;;www.ceff-electicite.fr;www.abb.com;19 Ave Albert Einsten;93150;Le Blanc Mesnil;Seine-Saint-Denis;france;
1000461;CGE Distribution;4;;;www.cge-distribution.com;www.abb.com;1 Rue De La Croix Du Chene;35400;Saint Malo;Ille-et-Vilaine;france;
1000462;CGE Distribution;4;;;www.cged.sonepar.fr;www.abb.com;137 Rue Albert Einstein;83600;Frejus;Var;france;
1000463;CGE Distribution;4;;;www.cge-distribution.com;www.abb.com;5 Ave De L Europe;68520;Burnhaupt Le Bas;Haut-Rhin;france;
1000471;CGE DISTRIBUTION;4;;;www.cge-distribution.com;www.abb.com;55 Rue Jean-Baptiste Colbert -Zi De L`isle;77350;Le Mee-sur-Seine;Seine-et-Marne;france;
1000473;CGE Distribution;4;;;www.cge-distribution.fr;www.abb.com;163 Rue De Paris;93000;Bobigny;Seine-Saint-Denis;france;
1000477;CGE Distribution;4;;;www.cge-distribution.fr;www.abb.com;53 Rue Du Bois D Amour;86280;St Benoit;Vienne (Haute);france;
1000479;CGE Distribution;4;;;www.cge-distribution.com;www.abb.com;Rue Robert Schumann;57350;Stiring Wendel;Moselle;france;
1000484;CGE Distribution;4;;;www.cge-distribution.com;www.abb.com;40 Rue Jean Bleuzen;92170;Vanves;Hauts-de-Seine;france;
1000495;CGE Distribution;4;;;www.cge-distribution.fr;www.abb.com;12 Boulevard Victor Schoelcher;44400;Reze;Loire-Atlantique;france;
1000498;CGE DISTRIBUTION;4;;;www.sonepar.com/subsidiary/cge-distribution;www.abb.com;ARVIGNY;77550;MOISSY CRAMAYEL;Seine-et-Marne;france;
1000499;CGE Distribution;4;;;www.cge-distribution.com;www.abb.com;86 Rue Henri Gautier;44600;Saint Nazaire;Loire-Atlantique;france;
1000503;CGE Distribution;4;;;www.cge-distribution.com;www.abb.com;3 Sq Du Docteur Henri Laborit;60200;Compiegne;Oise;france;
1000522;CGE Distribution;4;;;www.cge-distribution.fr;www.abb.com;17-33 Avenue Jean Jaures;92390;Villeneuve La Garenne;Hauts-de-Seine;france;
1000524;CGE Distribution;4;;;www.cge-distribution.com;www.abb.com;Rue Sainte Elisabeth, Zone Artisanale Sainte Elisabeth;71300;Montceau-Les-Mines;Saone-et-Loire;france;
1000534;CGE Distribution;4;;;www.cge-distribution.fr;www.abb.com;Rue Yves Glotin;33300;Bordeaux;Gironde;france;
1000540;CGE Distribution Citel;4;;;www.cged.sonepar.fr;www.abb.com;7 Avenue Des Allinges;74200;Thonon Les Bains;Savoie (Haute);france;
1000541;Cge Distribution Citel;4;;;www.cged.sonepar.fr;www.abb.com;355 Impasse Des Marais;74370;Argonay;Savoie (Haute);france;
1000544;CGE DISTRIBUTION LANGON ZA DUMAS;4;;;www.cged.fr;www.abb.com;RUE ANDREE CALDERON;33210;LANGON;Gironde;france;
1000552;CGECP;4;;;www.cgea.fr;www.abb.com;28 Boulevard De Pesaro;95310;Saint-Ouen-l'Aumone;Val-d'Oise;france;
1000553;CGED;4;;;https://www.cge-distribution.com;www.abb.com;22 RUE DE SECLIN;59175;VENDEVILLE;Nord;france;
1000554;CGED;4;;;www.sonepar.com;www.abb.com;RUE JULES VERNE;80100;ABBEVILLE;Somme;france;
1000559;Cged;4;;;www.cge-distribution.com;www.abb.com;15-17 Bd General De Gaulle;92120;Montrouge;Hauts-de-Seine;france;
1000562;CGED Albi;4;;;www.cge-distribution.com;www.abb.com;12 Rue Jacques Monod -Za Val Caussels;81000;Albi;Tarn;france;
1000566;CGED ARMENTIERES;4;;;www.cged.sonepar.fr;www.abb.com;RUE AMBROISE PARE ZI DE LA HOUSSOYE;59280;BOIS-GRENIER;Nord;france;
1000582;Cged Cahors;4;;;www.cge-distribution.com;www.abb.com;220 Chemin De La Sablieres Zi De Regourd;46000;Cahors;Lot;france;
1000586;Cged Chalons En Champagne;4;;;www.cge-distribution.fr;www.abb.com;Rue Des Dats;51520;St Martin Sur Le Pre;Marne;france;
1000589;CGED COMPIEGNE;4;;;www.cged.fr;www.abb.com;SQUARE HENRI LABORIT - BAT 3;60200;Compiegne;Oise;france;
1000601;CGED HEROUVILLE SAINT-CLAIR;4;;;www.cged.fr;www.abb.com;CITIS 144 RUE M.CURIE;14203;HEROUVILLE-SAINT-CLAIR;Calvados;france;
1000602;CGED HEROUVILLE SAINT-CLAIR DST;4;;;www.cged.fr;www.abb.com;CITIS 144 RUE M.CURIE;14200;HEROUVILLE-SAINT-CLAIR;Calvados;france;
1000609;Cged Metz;4;;;www.cged.sonepar.fr;www.abb.com;Rue Teilhard De Chardin 2;57061;Metz;Moselle;france;
1000612;Cged Montpellier;4;;;www.cge-distribution.com;www.abb.com;Zac Tournezy, 84 Rue Jugurtha;34000;Montpellier;Herault;france;
1000629;CGED SAINT BRIEUC;4;;;www.cged.fr;www.abb.com;28 BIS RUE CHAPTAL;22000;ST BRIEUC;Cotes-d'Armor;france;
1000632;CGED ST LAURENT DU VAR;4;;;www.cge-distribution.fr;www.abb.com;Zone Industrielle Secteur A1, Av Pierre Et Marie Curie;06700;St Laurent Du Var;Alpes-Maritimes;france;
1000637;CGED THOUARS;4;;;www.cged.fr;www.abb.com;6 Rue Robert Schisler;79100;Thouars;Sevres (Deux);france;
1000646;CGEistribution;4;;;www.cge-distribution.fr;www.abb.com;14 Rue Andre Clou;31100;Toulouse;Garonne (Haute);france;
1000648;CHADAPAUX;4;;;www.chadapaux.fr;www.abb.com;88 Rue Saint Andre;93000;Bobigny;Seine-Saint-Denis;france;
1000650;CLIM +;4;;;www.climplus.com;www.abb.com;655 B Avenue Pierre Brossolette;26800;Portes Les Valence;Drome;france;
1000654;Coaxel;4;;;www.coaxel.fr;www.abb.com;36 Boulevard de Thibaud;31100;Toulouse;Garonne (Haute);france;
1000655;Coaxel;4;;;www.coaxel.fr/;www.abb.com;14 Rue de la Montjoie;93210;Saint-Denis;Seine-Saint-Denis;france;
1000656;Coaxel;4;;;rexelfrance.rexel.fr/;www.abb.com;220 Chem Armee d'Afrique;13010;Marseille;Bouches-du-Rhone;france;
1000657;Coaxel;4;;;www.coaxel.fr/;www.abb.com;35 Rue Francois de Tessan;77330;Ozoir-la-Ferriere;Seine-et-Marne;france;
1000658;Coaxel - Aix En Provence;4;;;www.rexel.fr;www.abb.com;D'activite Commerciale, 660 Rue Guillaume Du Vair Pole;13100;Aix-En-Provence;Bouches-du-Rhone;france;
1000659;Coaxel - Annecy;4;;;www.rexel.fr;www.abb.com;60 Route Des Rutys;74370;Pringy;Savoie (Haute);france;
1000660;Coaxel - Arques;4;;;www.rexel.fr;www.abb.com;Rue Du Lobel;62510;Arques;Pas-de-Calais;france;
1000661;Coaxel - Aubagne;4;;;www.rexel.fr;www.abb.com;729 Avenue Des Paluds - Zi Les Paluds;13400;Aubagne;Bouches-du-Rhone;france;
1000662;Coaxel - Bapaume;4;;;www.rexel.fr;www.abb.com;Zi La Vallee Du Bois;62450;Bapaume;Pas-de-Calais;france;
1000663;Coaxel - Besancon;4;;;www.rexel.fr;www.abb.com;16 Rue Du Gay Lussac;25000;Besancon;Doubs;france;
1000664;Coaxel - Bethune;4;;;www.rexel.fr;www.abb.com;95 Rue De Stalingrad;62232;Annezin;Pas-de-Calais;france;
1000665;Coaxel - Bordeaux;4;;;www.rexel.fr;www.abb.com;1 Rue De La Grange Noire - Zi Du Phare;33700;Merignac;Gironde;france;
1000666;Coaxel - Bressuire;4;;;www.rexel.fr;www.abb.com;Za De La Richardiere - 2 Rue Max Ingrand;79300;Bressuire;Sevres (Deux);france;
1000667;Coaxel - Digoin;4;;;www.rexel.fr;www.abb.com;6 Rue Des Charmes;71160;Digoin;Saone-et-Loire;france;
1000668;Coaxel - Dijon Nord;4;;;www.rexel.fr;www.abb.com;35 Rue De Cracovie;21850;Saint-Apollinaire;Cote-d'Or;france;
1000669;Coaxel - Dunkerque;4;;;www.rexel.fr;www.abb.com;60 61 Route De Bourbourg;59210;Coudekerque-Branche;Nord;france;
1000670;Coaxel - Evreux;4;;;www.rexel.fr;www.abb.com;Rue Du Gay Lussac - Zi De Netreville;27000;Evreux;Eure;france;
1000671;Coaxel - Grand Quevilly;4;;;www.rexel.fr;www.abb.com;2 Rue Paul Vaillant Couturier;76120;Grand-Quevilly;Seine-Maritime;france;
1000672;Coaxel - Le Parcq;4;;;www.rexel.fr;www.abb.com;Chemin Vert;62770;Parcq;Pas-de-Calais;france;
1000673;Coaxel - Lille;4;;;www.rexel.fr;www.abb.com;23 Rue De Turenne;59000;Lille;Nord;france;
1000675;Coaxel - Marseille Euromed;4;;;www.rexel.fr;www.abb.com;60/62 Boulevard Du Capitaine Geze -;13014;Marseille;Bouches-du-Rhone;france;
1000676;Coaxel - Mauguio;4;;;www.rexel.fr;www.abb.com;Zone De Frejorgues Ouest - 22 Rue Roland Garros;34130;Mauguio;Herault;france;
1000677;Coaxel - Mons En Baroeul;4;;;www.rexel.fr;www.abb.com;58 Avenue Leon Blum - Zi De La Pilaterie;59370;Mons-En-Baroeul;Nord;france;
1000678;Coaxel - Montceaux Les Mines;4;;;www.rexel.fr;www.abb.com;Rue De Soissons - Bp 69;71300;Montceau-Les-Mines;Saone-et-Loire;france;
1000680;Coaxel - Nantes;4;;;www.rexel.fr;www.abb.com;29 Rue Felix Eboue;44400;Reze;Loire-Atlantique;france;
1000681;Coaxel - Pertuis;4;;;www.rexel.fr;www.abb.com;Rue Benjamin Francklin;84120;Pertuis;Vaucluse;france;
1000682;Coaxel - Rennes;4;;;www.rexel.fr;www.abb.com;Rue Des Charmilles - Zi Sud Est;35510;Cesson-Sevigne;Ille-et-Vilaine;france;
1000683;Coaxel - Roubaix;4;;;www.rexel.fr;www.abb.com;Rue Turgot - Quai De Gand;59100;Roubaix;Nord;france;
1000684;Coaxel - Rouen Rive Droite;4;;;www.rexel.fr;www.abb.com;Route De Lyons, Za Des Deux Rivieres, Bp 572 Cedex;76000;Rouen;Seine-Maritime;france;
1000685;Coaxel - St Etienne;4;;;www.rexel.fr;www.abb.com;7 Rue Victor Basch;42000;Saint-Etienne;Loire;france;
1000687;Coaxel - St Quentin;4;;;www.rexel.fr;www.abb.com;27 Boulevard Leon Blum;02100;Saint-Quentin;Aisne;france;
1000688;Coaxel - Toulon La Valette;4;;;www.rexel.fr;www.abb.com;Route De Nice - Rond Point De La Bigue;83160;Valette-Du-Var;Var;france;
1000703;COMAFRANC SA;4;;;www.comafranc.fr;www.abb.com;20 Rue Albert Camus;90000;Belfort;Territ.-de-Belfort;france;
1000712;COMET INGRE;4;;;www.comet-sas.fr;www.abb.com;13 Rue Lavoisier;45140;Ingre;Loiret;france;
1000721;Comptoir Central D Electricite Montpellier Garosud;4;;;cce.sonepar.fr;www.abb.com;194 Rue Patrice Lumumba;34070;Montpellier;Herault;france;
1000728;COMPTOIR COMMERCIAL DU LANGUEDOC;4;;;www.ccl.fr;www.abb.com;Route De Toulouse;81100;Castres;Tarn;france;
1000733;COMPTOIR DES FERS AMBERIEU;4;;;www.espace-aubade.fr;www.abb.com;Avenue De La Liberation, La Panisette;01500;Amberieu En Bugey;Ain;france;
1000734;COMPTOIR DES FERS ARNAS;4;;;www.comptoirdesfers.com;www.abb.com;451 RUE DU CHAMP GARET;69400;ARNAS;Rhone;france;
1000741;COMPTOIR DES FERS SAINT GENIS POUILLY;4;;;www.salledebainscleenmain.fr;www.abb.com;Rue De La Faucille;01630;St Genis Pouilly;Ain;france;
1000742;COMPTOIR DES FERS TARARE;4;;;www.salledebainscleenmain.fr;www.abb.com;1 B Boulevard Lamartine;69170;Tarare;Rhone;france;
1000767;Comptoir Electrique Francais;4;;;www.yesss-fr.com;www.abb.com;23 Rue Du Chemin Ferre;17100;Saintes;Charente-Maritime;france;
1000769;COMPTOIR ELECTRIQUE FRANCAIS DR 703 & 717 BRETAGNE;4;;;www.yesss.fr;www.abb.com;10, RUE DES GUERETS;44352;GUERANDE;Loire-Atlantique;france;
1000776;Comptoir General Fers Et Quincai;4;;;www.comptoirdesfers.com;www.abb.com;Port Fluvial Rue Georges Derrien;71107;Chalon Sur Saone Ce;Saone-et-Loire;france;
1000778;Comptoir Industriel Regional;4;;;www.cir.fr;www.abb.com;Zone Industrielle La Chartreuse, 3 Rue Claude Berthollet;81100;Castres;Tarn;france;
1000808;CVCI;4;;;www.cvci.fr;www.abb.com;118 Rue Antonin Bonnaud;84120;Pertuis;Vaucluse;france;
1000847;Distrib Services;4;;;www.distribservices.com;www.abb.com;10 Avenue Emile Aillaud - Rue Des Batisseurs;91350;Grigny;Essonne;france;
1000864;Distribution Industrielle De L'ouest D.I.O;4;;;www.socoda.fr;www.abb.com;2 A rue Marie de Kerstrat, Zae De Kervoasdoue;29270;Carhaix Plouguer;Finistere;france;
1000866;Distribution Sanitaire Chauffage;4;;;www.cdl-elec.fr;www.abb.com;2 Avenue des Charmes;60550;Verneuil en Halatte;Oise;france;
1000876;Docks Electrique Rhone Durance;4;;;www.d-e-r-d.fr;www.abb.com;11 Avenue Fontcouverte;84035;Avignon;Vaucluse;france;
1000877;Docks Electriques Rhone Durance;4;;;www.derd.net;www.abb.com;12 Boulevard Frederic Sauvage;13014;Marseille;Bouches-du-Rhone;france;
1000879;DOCKS ELECTRIQUES RHONE DURANCE GRENOBLE;4;;;www.derd.net;www.abb.com;9 RUE EVARISTE GALOIS ZI DES RUIRES;38320;EYBENS;Isere;france;
1000881;DR CEF PROVENCE;4;;;www.yesss-fr.com;www.abb.com;17 AVENUE DE LONDRES;13127;VITROLLES;Bouches-du-Rhone;france;
1000882;DR CGED MEDITERRANEE;4;;;www.cged.fr;www.abb.com;1090 AVENUE JEAN PERRIN;13836;AIX EN PROVENCE;Bouches-du-Rhone;france;
1000900;ECLAIR MAG;4;;;www.eclairmag.fr;www.abb.com;4 RUE DU HOUBLON;59700;Marcq En Baroeul;Nord;france;
1001025;Electronics & Networks Services;4;;;www.ensfrance.fr;www.abb.com;14 Avenue du Quebec, Immeuble Kerria-K1.1 - SILIC 650;91140;Villebon Sur Yvette;Essonne;france;
1001130;Gmt Tabur Electricite;4;;;www.sonepar.com;www.abb.com;Bd Industriel BP 447 -Centre de Gros;76800;Saint Etienne du Rouvray;Seine-Maritime;france;
1001309;LA PLATEFORME;4;;;www.laplateforme.com;www.abb.com;7 RUE BENJAMIN CONSTANT;75019;PARIS;Paris;france;
1001350;Mafart;4;;;www.partedis.com;www.abb.com;22 Rue De Paris Bp 518;22000;St Brieuc;Cotes-d'Armor;france;
1001355;Malrieu Distribution Plf;4;;;www.malrieu.fr;www.abb.com;169 Rue Gutenberg, ZA Bel Air;12032;Rodez;Aveyron;france;
1001360;Manutan SA;4;;;www.manutan.com;www.abb.com;Avenue Du 21e Siecle;95500;Gonesse;Val-d'Oise;france;
1001368;Mat Elec;4;;;www.matelec38.com;www.abb.com;CHEMIN DE ROCHE;38110;Rochetoirin;Isere;france;
1001385;MESTRE;4;;;www.espace-aubade.fr;www.abb.com;100 AVENUE PAUL KRUGER;69100;Villeurbanne;Rhone;france;
1001415;Moy Sanitaire Chauffage;4;;;www.espace-aubade.fr;www.abb.com;8 Rue Du Vigneau De Souche;79000;Niort;Sevres (Deux);france;
1001424;NEGOCECO;4;;;www.negoceco.fr;www.abb.com;Chemin De Crisolles Campus Economique Inovia;60400;GENVRY;Hauts-de-Seine;france;
1001430;NOLLET & FILS SA ANTONY;4;;;www.nollet.fr;www.abb.com;9 Avenue Leon Harmel;92160;Antony;Hauts-de-Seine;france;
1001453;Orexad;4;;;www.orexad.com;www.abb.com;61 Avenue Tony Garnier;69007;Lyon;Rhone;france;
1001454;OREXAD;4;;;groupe.orexad.com;www.abb.com;10 boulevard Gabriel Lippmann ZAC de Kergaradec;29850;Gouesnou;Finistere;france;
1001459;Outiz;4;;;www.outiz.fr;www.abb.com;13 Rue Germaine Tailleferre;75019;Paris;Paris;france;
1001517;Rennes Chantepie Brossette;4;;;www.brossette.fr;www.abb.com;1 Rue De Breillou, CS 27412;35574;Chantepie;Ille-et-Vilaine;france;
1001519;Rexel;4;;;www.rexel.com;www.abb.com;7 Rue Antoine Coypel;78000;Versailles;Yvelines;france;
1001520;Rexel;4;;;www.rexel.com;www.abb.com;ZI A Seclin D549, Route de Lille;59113;Seclin;Nord;france;
1001521;Rexel;4;;;www.rexel.com;www.abb.com;8 Rue des Acacias;57140;La Maxe;Moselle;france;
1001524;REXEL;4;;;www.rexel.fr;www.abb.com;Rue Edouard Branly - Zac De La Buzeniere;85500;Les Herbiers;Vendee;france;
1001527;REXEL;4;;;www.rexel.com;www.abb.com;7 Rue Ampere Parc Logistique Multimodal - 7 Rue Ampere;54250;Champigneulles;Meurthe-et-Moselle;france;
1001528;Rexel;4;;;www.rexel.fr;www.abb.com;Rue des Briquetiers 50;76600;Le Havre;Seine-Maritime;france;
1001529;Rexel;4;;;www.rexel.fr;www.abb.com;125 av Jean Jaures;59174;La Sentinelle;Nord;france;
1001530;Rexel;4;;;www.rexel.fr;www.abb.com;10 Rue Jean Moulin;45100;Orleans;Loiret;france;
1001531;REXEL;4;;;www.rexel.com;www.abb.com;12 rue Guillaume du VAIR;13100;Aix en Provence;Bouches-du-Rhone;france;
1001532;REXEL;4;;;www.rexel.fr;www.abb.com;9, rue Salvadore Allende;91120;PALAISEAU;Essonne;france;
1001535;Rexel;4;;;www.rexel.fr;www.abb.com;5 Route Du Dome;69630;Chaponost;Rhone;france;
1001536;Rexel;4;;;portail.rexel.fr;www.abb.com;30 Rue Bobby Sands, Zac De La Lorie;44800;Saint Herblain;Loire-Atlantique;france;
1001537;Rexel;4;;;www.rexel.fr;www.abb.com;16 rue de la Charente;68270;Wittenheim;Haut-Rhin;france;
1001538;REXEL;4;;;www.rexel.fr;www.abb.com;Montpellier Garo Sud, 1387 Rue De La Castelle;34000;Montpellier;Herault;france;
1001539;Rexel;4;;;www.rexel.fr;www.abb.com;8 rue Jules Vanzuppe;94200;Ivry sur Seine;Val-de-Marne;france;
1001540;Rexel - Agen;4;;;www.rexel.com;www.abb.com;1080 Av Du Dr Jean Bru;47000;Agen;Lot-et-Garonne;france;
1001542;Rexel - Aix-En-Provence;4;;;www.rexel.fr;www.abb.com;175 Rue Victor Baltard - Zi Les Milles;13100;Aix-En-Provence;Bouches-du-Rhone;france;
1001543;Rexel - Albertville;4;;;www.rexel.fr;www.abb.com;583 Chemin De La Charrette - Zi Du Chiriac;73200;Albertville;Savoie;france;
1001544;Rexel - Albi;4;;;www.rexel.fr;www.abb.com;41 Route De Millau;81000;Albi;Tarn;france;
1001545;Rexel - Andernos;4;;;www.rexel.fr;www.abb.com;Za Les Canadiens Nord - 3 Rue Gilles Roberval;33510;Andernos-Les-Bains;Gironde;france;
1001546;Rexel - Angers;4;;;www.rexel.fr;www.abb.com;16 Boulevard Gaston Ramon - Zi Saint Serge;49100;Angers;Maine-et-Loire;france;
1001547;Rexel - Annemasse;4;;;www.rexel.fr;www.abb.com;3 Rue Esserts - Zi Du Mont Blanc;74100;Annemasse;Savoie (Haute);france;
1001548;Rexel - Argenteuil;4;;;www.rexel.fr;www.abb.com;18 34 Rue Du Perouzet;95100;Argenteuil;Val-d'Oise;france;
1001550;Rexel - Arts Et Metiers;4;;;www.rexel.fr;www.abb.com;1 Rue Borda - Paris 3;75003;Paris;Paris;france;
1001551;Rexel - Aubenas;4;;;www.rexel.fr;www.abb.com;10 Rue Joseph Cugnot - Zi Aubenas;07200;Aubenas;Ardeche;france;
1001552;Rexel - Auch;4;;;www.rexel.fr;www.abb.com;7 Rue Federico Garcia Lorca - Zi De L Hippodrome;32000;Auch;Gers;france;
1001553;Rexel - Auray;4;;;www.rexel.fr;www.abb.com;Zone De Kerbois;56400;Auray;Morbihan;france;
1001554;Rexel - Aurillac;4;;;www.rexel.fr;www.abb.com;7 Rue Du 11 Novembre;15000;Aurillac;Cantal;france;
1001556;Rexel - Avallon;4;;;www.rexel.fr;www.abb.com;Impasse Derriere Les Pres - Zi D Avallon;89200;Avallon;Yonne;france;
1001557;Rexel - Avignon Courtine;4;;;www.rexel.fr;www.abb.com;105 Rue De L Aulaniere - Zi De Courtine;84000;Avignon;Vaucluse;france;
1001558;Rexel - Avignon Foncouverte;4;;;www.rexel.fr;www.abb.com;2 Av De L Orme Fourchu - Zi De Fontcouverte;84000;Avignon;Vaucluse;france;
1001559;Rexel - Avon;4;;;www.rexel.fr;www.abb.com;38 Ave Franklin Roosevelt;77210;Avon;Seine-et-Marne;france;
1001560;Rexel - Bagnols Sur Ceze;4;;;www.rexel.fr;www.abb.com;233 Avenue De La Roquette - Za Du Berret;30200;Bagnols-Sur-Ceze;Gard;france;
1001561;Rexel - Bar Le Duc;4;;;www.rexel.fr;www.abb.com;Zi De Popey;55000;Bar-Le-Duc;Meuse;france;
1001562;Rexel - Bayeux;4;;;www.rexel.fr;www.abb.com;Route De Caen;14400;Bayeux;Calvados;france;
1001563;Rexel - Beaune;4;;;www.rexel.fr;www.abb.com;56 Route De Seurre;21200;Beaune;Cote-d'Or;france;
1001564;Rexel - Beausoleil;4;;;www.rexel.fr;www.abb.com;19-21 Avenue Paul Doumer;06240;Beausoleil;Alpes-Maritimes;france;
1001565;Rexel - Beauvais;4;;;www.rexel.fr;www.abb.com;1 Rue Arago - Zac De Ther;60000;Beauvais;Oise;france;
1001566;Rexel - Belfort-Montbeliard;4;;;www.rexel.fr;www.abb.com;Grande Rue - Zac De La Varonne;90400;Trevenans;Territ.-de-Belfort;france;
1001567;Rexel - Besancon;4;;;www.rexel.fr;www.abb.com;3 Rue Du Valset - Zone De Thise;25220;Chalezeule;Doubs;france;
1001568;Rexel - Bethune;4;;;www.rexel.fr;www.abb.com;Avenue De Washington;62400;Bethune;Pas-de-Calais;france;
1001569;Rexel - Beziers;4;;;www.rexel.fr;www.abb.com;22 Avenue De La Deveze;34500;Beziers;Herault;france;
1001570;Rexel - Beziers Villeneuve;4;;;www.rexel.fr;www.abb.com;Rue De St Victor - Bat Les Hesperides;34420;Villeneuve-Les-Beziers;Herault;france;
1001571;Rexel - Bobigny;4;;;www.rexel.fr;www.abb.com;17-21 Rue Benoit Frachon - Zi Des Vignes;93000;Bobigny;Seine-Saint-Denis;france;
1001572;Rexel - Boulogne Sur Mer;4;;;www.rexel.fr;www.abb.com;Rue Bleriot - Zi De La Liane;62360;Saint-Leonard;Pas-de-Calais;france;
1001573;Rexel - Bourgoin Jallieu;4;;;www.rexel.com;www.abb.com;13 Rue Edouard Branly - Zi La Maladiere;38300;Bourgoin Jallieu;Isere;france;
1001575;Rexel - Briancon;4;;;www.rexel.fr;www.abb.com;20 Rue Des Couteliers;05100;Briancon;Alpes (Hautes);france;
1001576;Rexel - Brignoles;4;;;www.rexel.fr;www.abb.com;Route De Marseille - Rn 7 Lieu Dit St Jean;83170;Brignoles;Var;france;
1001578;Rexel - Caen;4;;;www.rexel.fr;www.abb.com;3 Impasse De La Girafe - Zi Du Mont Coco;14000;Caen;Calvados;france;
1001579;Rexel - Calais;4;;;www.rexel.fr;www.abb.com;2 Rue De Villars;62100;Calais;Pas-de-Calais;france;
1001580;Rexel - Carcassonne;4;;;www.rexel.fr;www.abb.com;Rue Aristide Berges - Zi La Bouriette;11000;Carcassonne;Aude;france;
1001581;Rexel - Carros;4;;;www.rexel.fr;www.abb.com;Zac De La Grave - Rte Grave;06510;Carros;Alpes-Maritimes;france;
1001582;Rexel - Chalon Sur Saone;4;;;www.rexel.fr;www.abb.com;Rue Louis Jacques Thenard - Zi Nord;71100;Chalon-Sur-Saone;Saone-et-Loire;france;
1001583;Rexel - Chalons En Champagne Zi St Martin;4;;;www.rexel.fr;www.abb.com;Rue Du Grand Champ - Zic;51520;Saint-Martin-Sur-Le-Pre;Marne;france;
1001584;Rexel - Chambery La Ravoire;4;;;www.rexel.fr;www.abb.com;170 Rue Aristide Berges;73490;Ravoire;Savoie;france;
1001585;Rexel - Chambery Nord;4;;;www.rexel.fr;www.abb.com;140 Allee Francois Pollet - Zi De L Erier;73000;Chambery;Savoie;france;
1001586;Rexel - Chambly;4;;;www.rexel.fr;www.abb.com;Zac Les Portes De L'oise - Rue Isaac Newton;60230;Chambly;Oise;france;
1001587;Rexel - Champigny Sur Marne;4;;;www.rexel.fr;www.abb.com;Za Des Grands Godets - 91 Rue Marcel Paul;94500;Champigny-Sur-Marne;Val-de-Marne;france;
1001589;Rexel - Chantier Pole Landes Pyrenees;4;;;www.rexel.fr;www.abb.com;Za Saint Frederic 21 Rue Chalibardon;64100;Bayonne;Pyrenees-Atlantiques;france;
1001590;Rexel - Charleville Mezieres;4;;;www.rexel.fr;www.abb.com;13 Route De Warnecourt;08000;Prix-Les-Mezieres;Ardennes;france;
1001591;Rexel - Chartres;4;;;www.rexel.fr;www.abb.com;53 Avenue D Orleans - Zi Espace Oceam;28000;Chartres;Eure-et-Loir;france;
1001592;Rexel - Chateau Thierry;4;;;www.rexel.fr;www.abb.com;22 Avenue De L Europe;02400;Chateau-Thierry;Aisne;france;
1001593;Rexel - Cherbourg;4;;;www.rexel.fr;www.abb.com;871 Rue Jean Bouin - Zi De Sauxmarais;50110;Cherbourg-En-Cotentin;Manche;france;
1001594;Rexel - Cholet Nord;4;;;www.rexel.fr;www.abb.com;13 Rue Langeais - Zi Legere;49300;Cholet;Maine-et-Loire;france;
1001595;Rexel - Cholet Sud;4;;;ww.rexel.fr;www.abb.com;31 Rue De La Getine - Zi Du Cormier;49300;Cholet;Maine-et-Loire;france;
1001596;Rexel - Cognac;4;;;www.rexel.fr;www.abb.com;Rue Pierre Latecoere - Parc Du Fief Du Roy;16100;Chateaubernard;Charente;france;
1001599;Rexel - Compiegne;4;;;www.rexel.fr;www.abb.com;Zac De Mercieres - 3 Avenue Henri Adnot;60200;Compiegne;Oise;france;
1001601;Rexel - Decines Za Les Pivolles;4;;;www.rexel.fr;www.abb.com;80 Rue Elisee Reclus;69150;Decines Charpieu;Rhone;france;
1001602;Rexel - Digne;4;;;www.rexel.fr;www.abb.com;Rue Nicephore Niepce - Za St Christophe;04000;Digne-Les-Bains;Alpes (Hte-Provence);france;
1001603;Rexel - Dijon Nord;4;;;www.rexel.fr;www.abb.com;19 Rue De Cracovie - Zae Capnord;21850;Saint-Apollinaire;Cote-d'Or;france;
1001604;Rexel - Dole;4;;;www.rexel.fr;www.abb.com;56 Ave Georges Pompidou;39100;Dole;Jura;france;
1001605;Rexel - Douai;4;;;www.rexel.fr;www.abb.com;772 Rue Maurice Caullery - Zi De Dorignies;59500;Douai;Nord;france;
1001606;Rexel - Dunkerque - Pont Loby;4;;;www.rexel.fr;www.abb.com;347 Avenue Jean Monnet - Zac Du Pont Loby;59640;Dunkerque;Nord;france;
1001607;Rexel - Epernay Pierry;4;;;www.rexel.fr;www.abb.com;23 Rue Pasteur - Pole D Activite St Julien;51530;Pierry;Marne;france;
1001608;Rexel - Epinal;4;;;www.rexel.fr;www.abb.com;8 Ave Du Rose Poirier - Zic Du Saut Le Cerf;88000;Epinal;Vosges;france;
1001610;Rexel - Firminy;4;;;www.rexel.fr;www.abb.com;Za Du Bas De La Cote - Chemin Du Val;42700;Firminy;Loire;france;
1001611;Rexel - Floirac;4;;;www.rexel.fr;www.abb.com;Quai De La Souys - Parc Activite De La Jacquotte;33270;Floirac;Gironde;france;
1001612;Rexel - Fontaine;4;;;www.rexel.fr;www.abb.com;15 Bld Paul Langevin;38600;Fontaine;Isere;france;
1001616;Rexel - Fresnes;4;;;www.rexel.fr;www.abb.com;2 Rue De Chevilly - Cerisaie 208;94260;Fresnes;Val-de-Marne;france;
1001617;Rexel - Gieres;4;;;www.rexel.fr;www.abb.com;13 Rue De Mayencin;38610;Gieres;Isere;france;
1001618;Rexel - Gond Pontouvre;4;;;www.rexel.fr;www.abb.com;Avenue Du Marechal Juin - Zi N 3;16160;Gond-Pontouvre;Charente;france;
1001619;Rexel - Gonesse;4;;;www.rexel.fr;www.abb.com;9 Rue Berthelot - Zi Grande Couture;95500;Gonesse;Val-d'Oise;france;
1001620;Rexel - Gonfreville;4;;;www.rexel.fr;www.abb.com;Zac Du Camp Dolent - Avenue De Cantipou.;76700;Harfleur;Seine-Maritime;france;
1001621;Rexel - Grasse;4;;;www.rexel.fr;www.abb.com;129 Route De La Paoute;06130;Grasse;Alpes-Maritimes;france;
1001623;Rexel - Gueret;4;;;www.rexel.fr;www.abb.com;24 Rue Gambetta;23000;Gueret;Creuse;france;
1001624;Rexel - Guingamp;4;;;www.rexel.fr;www.abb.com;16 18 Bd De La Marne;22200;Guingamp;Cotes-d'Armor;france;
1001625;Rexel - Haguenau;4;;;www.rexel.fr;www.abb.com;18b Rue Ferme Clauss;67500;Haguenau;Bas-Rhin;france;
1001626;Rexel - Hesingue;4;;;www.rexel.fr;www.abb.com;1 Rue De Metz;68220;Hesingue;Haut-Rhin;france;
1001627;Rexel - Ile D Oleron;4;;;www.rexel.fr;www.abb.com;25 Route Des Mirouelles - Zi De L'oumiere;17310;Saint-Pierre-D'oleron;Charente-Maritime;france;
1001629;Rexel - Issy-Les-Moulineaux;4;;;www.rexel.fr;www.abb.com;Zac Garibaldi - 1 Rue Jacques Henri Lartigue;92130;Issy-Les-Moulineaux;Hauts-de-Seine;france;
1001630;Rexel - La Roche Sur Yon;4;;;www.rexel.fr;www.abb.com;Nego 1 - 111 Boulevard De L'industrie;85000;Roche-Sur-Yon;Vendee;france;
1001631;Rexel - La Rochelle;4;;;www.rexel.fr;www.abb.com;Zi Avenue Joliot Curie - Zi De Perigny;17180;Perigny;Charente-Maritime;france;
1001632;Rexel - La Teste;4;;;www.rexel.fr;www.abb.com;141 Rue Gustave Eiffel;33260;Teste-De-Buch;Gironde;france;
1001633;Rexel - Labege;4;;;www.rexel.fr;www.abb.com;2266 La Lauragaise;31670;Labege;Garonne (Haute);france;
1001634;Rexel - Laon;4;;;www.rexel.fr;www.abb.com;1 Rue Voltaire;02000;Laon;Aisne;france;
1001635;Rexel - Lavaur;4;;;www.rexel.fr;www.abb.com;40 Avenue Gabriel Peri;81500;Lavaur;Tarn;france;
1001637;Rexel - Le Puy;4;;;www.rexel.fr;www.abb.com;10 Route De Coubon;43700;Brives-Charensac;Loire (Haute);france;
1001638;Rexel - Lens;4;;;www.rexel.fr;www.abb.com;247 B Route De Bethune - Zal Ancienne Fosse;62300;Lens;Pas-de-Calais;france;
1001639;Rexel - Les Herbiers;4;;;www.rexel.fr;www.abb.com;Rue Edouard Branly - Zac De La Buzeniere;85500;Herbiers;Vendee;france;
1001640;Rexel - Libourne;4;;;www.rexel.fr;www.abb.com;4 Chemin De Carre - Route De Castillon;33500;Libourne;Gironde;france;
1001641;Rexel - Limoges;4;;;www.rexel.fr;www.abb.com;17 Rue Pierre Michaux - Zi Nord;87280;Limoges;Vienne (Haute);france;
1001642;Rexel - Lisieux;4;;;www.rexel.fr;www.abb.com;Rue Andre Cousinet - Zi Nord Est;14100;Lisieux;Calvados;france;
1001643;Rexel - Longuenesse;4;;;www.rexel.fr;www.abb.com;Eurocap, RUE DES Bruyeres;62219;Longuenesse;Pas-de-Calais;france;
1001644;Rexel - Lons;4;;;www.rexel.fr;www.abb.com;4 Avenue Marcel Dassault - Zac Industrielle;64140;Lons;Pyrenees-Atlantiques;france;
1001647;Rexel - Lyon Berthelot;4;;;www.rexel.fr;www.abb.com;144 Avenue Berthelot - Impasse Des Chalets;69007;Lyon;Rhone;france;
1001649;Rexel - Macon;4;;;www.rexel.fr;www.abb.com;Chemin De La Croix Saccard;71000;Macon;Saone-et-Loire;france;
1001650;Rexel - Maisons Alfort;4;;;www.rexel.fr;www.abb.com;115 -117 Avenue De La Republique -;94700;Maisons-Alfort;Val-de-Marne;france;
1001651;Rexel - Manosque;4;;;www.rexel.fr;www.abb.com;Rue Joseph Cugnot - Zi St Joseph;04100;Manosque;Alpes (Hte-Provence);france;
1001653;Rexel - Marseille Nord;4;;;www.rexel.fr;www.abb.com;14 Avenue De La Bauxite - Zi De La Delaurme;13015;Marseille;Bouches-du-Rhone;france;
1001655;Rexel - Mazamet;4;;;www.rexel.fr;www.abb.com;8 Avenue Du Marechal Juin;81200;Mazamet;Tarn;france;
1001656;Rexel - Mende;4;;;www.rexel.fr;www.abb.com;6 Rue Des Compagnons;48000;Mende;Lozere;france;
1001657;Rexel - Menton;4;;;www.rexel.fr;www.abb.com;201 Avenue De L Ormea - Zi Du Haut Carei;06500;Menton;Alpes-Maritimes;france;
1001658;Rexel - Metz;4;;;;www.abb.com;Rue De La Mouee - Zac De La Petite Voivre;57000;Metz;Moselle;france;
1001659;Rexel - Millau;4;;;www.rexel.fr;www.abb.com;Avenue De L Europe - Zi;12100;Millau;Aveyron;france;
1001660;Rexel - Mont De Marsan;4;;;www.rexel.fr;www.abb.com;1710 Avenue Du Marechal Juin;40000;Mont-De-Marsan;Landes;france;
1001661;Rexel - Montauban;4;;;www.rexel.fr;www.abb.com;Rue Alphonse Daudet - Zi Nord;82000;Montauban;Tarn-et-Garonne;france;
1001662;Rexel - Montauban Alba Sud;4;;;www.rexel.fr;www.abb.com;Boulevard D Allemagne - Zac De La Molle;82000;Montauban;Tarn-et-Garonne;france;
1001663;Rexel - Montbrison;4;;;www.rexel.fr;www.abb.com;Zac Des Granges - 42 Rue Des Grands Chenes;42600;Montbrison;Loire;france;
1001664;Rexel - Montelimar;4;;;www.rexel.fr;www.abb.com;Parc D'activites - Fortuneau;26200;Montelimar;Drome;france;
1001665;Rexel - Montlucon Blanzat;4;;;www.rexel.fr;www.abb.com;Zac De Pasquis;03100;Montlucon;Allier;france;
1001668;Rexel - Moulins L'etoile;4;;;www.rexel.fr;www.abb.com;Rue Badvilbel - Zone De L Etoile;03000;Moulins;Allier;france;
1001669;Rexel - Nancy;4;;;www.rexel.fr;www.abb.com;L'usine Zac Du Barrage - 130 Boulevard De Finlande;54340;Pompey;Meurthe-et-Moselle;france;
1001670;Rexel - Nantes - Vertou;4;;;www.rexel.fr;www.abb.com;30 Avenue De Le Vertonne;44120;Vertou;Loire-Atlantique;france;
1001671;Rexel - Narbonne - Sud;4;;;www.rexel.fr;www.abb.com;Rue Rene Panhard - Zone Croix Sud;11100;Narbonne;Aude;france;
1001672;Rexel - Nation;4;;;www.rexel.fr;www.abb.com;4 Ave Dorian;75012;Paris;Paris;france;
1001673;Rexel - Nice;4;;;www.rexel.fr;www.abb.com;40 Boulevard Saint Roch;06300;Nice;Alpes-Maritimes;france;
1001674;Rexel - Nimes Ouest;4;;;www.rexel.fr;www.abb.com;1847 Avenue Joliot Curie;30900;Nimes;Gard;france;
1001676;Rexel - Niort - Bessines;4;;;www.rexel.fr;www.abb.com;21 Rue Des Charmes;79000;Bessines;Sevres (Deux);france;
1001677;Rexel - Niort - Mendes;4;;;www.rexel.fr;www.abb.com;Rue Toussaint Louverture;79000;Niort;Sevres (Deux);france;
1001678;Rexel - Nogent Sur Seine;4;;;www.rexel.fr;www.abb.com;Avenue Canal Terray;10400;Nogent-Sur-Seine;Aube;france;
1001679;Rexel - Noyon;4;;;www.rexel.fr;www.abb.com;Zi Du Chemin D Hesdin;60400;Noyon;Oise;france;
1001680;Rexel - Olonne-Sur-Mer;4;;;www.rexel.fr;www.abb.com;Parc Activites Actilonne;85340;Olonne-Sur-Mer;Vendee;france;
1001682;Rexel - Oyonnax;4;;;www.rexel.fr;www.abb.com;25 Rue Francois Rochaix - Zi Nord;01100;Oyonnax;Ain;france;
1001684;Rexel - Parthenay;4;;;www.rexel.fr;www.abb.com;3 Rue De Verdun;79200;Parthenay;Sevres (Deux);france;
1001685;Rexel - Perigueux;4;;;www.portail.rexel.fr;www.abb.com;Avenue Du Chateau De Marsac;24430;Marsac-Sur-L'isle;Dordogne;france;
1001686;Rexel - Perpignan;4;;;www.rexel.fr;www.abb.com;2670 Av Julien Panchot;66000;Perpignan;Pyrenees-Orientales;france;
1001687;Rexel - Perpignan Nord;4;;;www.rexel.fr;www.abb.com;879 Rue Jean Bapt Biot;66000;Perpignan;Pyrenees-Orientales;france;
1001688;Rexel - Pessac;4;;;www.rexel.fr;www.abb.com;14 Bis Avenue Gustave Eiffel - Parc Industriel De Bersol;33600;Pessac;Gironde;france;
1001689;Rexel - Poitiers - Nord;4;;;www.rexel.fr;www.abb.com;14 Rue De La Republique;86000;Poitiers;Vienne;france;
1001692;Rexel - Pornic;4;;;www.rexel.fr;www.abb.com;Zi Ouest Les Terres Jarries - 4 Boulevard De Baiona;44210;Pornic;Loire-Atlantique;france;
1001693;Rexel - Port-De-Bouc;4;;;www.rexel.fr;www.abb.com;Avenue Des Pins - Zi La Grand Coll;13110;Port-De-Bouc;Bouches-du-Rhone;france;
1001694;Rexel - Quimper Guelen;4;;;www.rexel.fr;www.abb.com;Za Du Grand Guelen - 2 Rue Sainte Anne Du Guelen;29000;Quimper;Finistere;france;
1001696;Rexel - Reims - Cormontreuil;4;;;www.rexel.fr;www.abb.com;15 Rue Des Remouleurs;51350;Cormontreuil;Marne;france;
1001697;Rexel - Reims - La Neuvilette;4;;;www.rexel.fr;www.abb.com;Rue Louis Verel - Actipole La Neuvilette;51100;Reims;Marne;france;
1001698;Rexel - Rennes;4;;;www.rexel.fr;www.abb.com;222 Route De Lorient;35000;Rennes;Ille-et-Vilaine;france;
1001700;Rexel - Rillieux-La-Pape;4;;;www.rexel.fr;www.abb.com;Parc D Activite L Hippodrome - 6 Rue De L'artifice;69140;Rillieux-La-Pape;Rhone;france;
1001702;Rexel - Romans;4;;;www.rexel.fr;www.abb.com;Bvd Etienne Jean Lapassat - Zi Des Gillieres;26100;Romans-Sur-Isere;Drome;france;
1001703;Rexel - Roncq;4;;;www.rexel.fr;www.abb.com;Parc Du Lion;59223;Roncq;Nord;france;
1001704;Rexel - Rosheim;4;;;www.rexel.fr;www.abb.com;Zone D Activite Du Rosenmeer - Rue Jean-Marie Lehn;67560;Rosheim;Bas-Rhin;france;
1001705;Rexel - Rosny Sous Bois;4;;;www.rexel.fr;www.abb.com;8 12 Rue De Lisbonne - Zac De Nanteuil;93110;Rosny-Sous-Bois;Seine-Saint-Denis;france;
1001706;Rexel - Rouen Nord;4;;;www.rexel.fr;www.abb.com;ZA5 - Les Portes De L'ouest - Rue Georges Charpak;76150;Saint-Jean-Du-Cardonnay;Seine-Maritime;france;
1001707;Rexel - Rouxmesnil Bouteilles;4;;;www.rexel.fr;www.abb.com;Zi Louis Delaporte;76370;Rouxmesnil-Bouteilles;Seine-Maritime;france;
1001708;Rexel - Royan;4;;;www.rexel.fr;www.abb.com;13 Rue Henri Matisse - Lotissement De Belmont;17200;Royan;Charente-Maritime;france;
1001709;Rexel - Saint Die;4;;;www.rexel.fr;www.abb.com;2 Impasse Du Pre Blinvil;88100;Saint-Die-Des-Vosges;Vosges;france;
1001710;Rexel - Saint Jean D Angely;4;;;www.rexel.fr;www.abb.com;42 Route De Rochefort - Centre La Garrousserie;17400;Saint-Jean-D'angely;Charente-Maritime;france;
1001711;Rexel - Saint Jean De Luz;4;;;www.portail.rexel.fr;www.abb.com;Rue De L Industrie - Zi De Jalday;64500;Saint-Jean-De-Luz;Pyrenees-Atlantiques;france;
1001712;Rexel - Saint Lo;4;;;www.rexel.fr;www.abb.com;597 Rue Leon Jouhaux - Zi De La Capelle;50000;Saint-Lo;Manche;france;
1001713;Rexel - Saint Ouen;4;;;www.rexel.fr;www.abb.com;2 Avenue De L'eguillette;95310;Saint-Ouen-L'aumone;Val-d'Oise;france;
1001714;Rexel - Sainte Maxime;4;;;www.rexel.fr;www.abb.com;23 Rue Des Inventions - Za Du Camp Ferrat;83120;Sainte-Maxime;Var;france;
1001715;Rexel - Sainte-Catherine;4;;;www.rexel.fr;www.abb.com;ZA LE Pacage, 6 D RUE DU Four A Chaux, BP 79;62223;Sainte-Catherine;Pas-de-Calais;france;
1001716;Rexel - Saintes;4;;;www.rexel.fr;www.abb.com;8 Rue De L Ormeau De Pied - Zone Industrielle;17100;Saintes;Charente-Maritime;france;
1001717;Rexel - Saint-Gilles-Croix-De-Vie;4;;;www.rexel.fr;www.abb.com;Rue Des Couvreurs;85800;Saint-Gilles-Croix-De-Vie;Vendee;france;
1001718;Rexel - Sallanches;4;;;www.rexel.fr;www.abb.com;705 Rue Charles De Gaulle;74700;Sallanches;Savoie (Haute);france;
1001719;Rexel - Salon De Provence;4;;;www.rexel.fr;www.abb.com;Rue Remoulaire - Zi La Gandonne;13300;Salon-De-Provence;Bouches-du-Rhone;france;
1001720;Rexel - Sarlat;4;;;www.rexel.fr;www.abb.com;Zi De Madrazes;24200;Sarlat-La-Caneda;Dordogne;france;
1001721;Rexel - Saumur;4;;;www.rexel.fr;www.abb.com;Boulevard Des Vallerots - St Lambert Des Levees;49400;Saumur;Maine-et-Loire;france;
1001722;Rexel - Saverne;4;;;www.rexel.fr;www.abb.com;1 A Rue Du Baron Chouard;67700;Monswiller;Bas-Rhin;france;
1001723;Rexel - Seclin;4;;;www.rexel.fr;www.abb.com;Zi A Seclin D549 - Route De Lille - 8 Rue De La;59113;Seclin;Nord;france;
1001724;Rexel - Selestat;4;;;www.rexel.fr;www.abb.com;Bat 1b 6 Rte De Bergheim - Centre Industriel Regional Sud;67600;Selestat;Bas-Rhin;france;
1001725;Rexel - Sens;4;;;www.rexel.com;www.abb.com;Rue Fontaine D Azon;89100;Saint-Clement;Yonne;france;
1001726;Rexel - Sete;4;;;www.rexel.fr;www.abb.com;Z I Etang Des Eaux Blanches;34200;Sete;Herault;france;
1001727;Rexel - Six Fours;4;;;www.rexel.fr;www.abb.com;430 Boulevard De Lery;83140;Six-Fours-Les-Plages;Var;france;
1001728;Rexel - Soissons;4;;;www.rexel.fr;www.abb.com;170 Rue Jean Baptiste Godin;02200;Soissons;Aisne;france;
1001729;Rexel - Sorgues;4;;;www.rexel.fr;www.abb.com;123 Rue Thomas Edison - Zi Du Fournalet;84700;Sorgues;Vaucluse;france;
1001731;Rexel - St Aunes;4;;;www.rexel.fr;www.abb.com;Ecoparc Departemental - 203 Avenue Des Romarins;34130;Saint-Aunes;Herault;france;
1001732;Rexel - St Avold;4;;;www.rexel.fr;www.abb.com;Route De Forbach - Rn3 Moulin Neuf;57730;Macheren;Moselle;france;
1001733;Rexel - St Brieuc;4;;;www.rexel.fr;www.abb.com;67 Rue Chaptal;22000;Saint-Brieuc;Cotes-d'Armor;france;
1001734;Rexel - St Claude;4;;;www.rexel.fr;www.abb.com;28 Rue Du Plan Du Moulin;39200;Saint-Claude;Jura;france;
1001735;Rexel - St Denis;4;;;www.rexel.fr;www.abb.com;4 6 Rue Du Fort De La Briche;93200;Saint-Denis;Seine-Saint-Denis;france;
1001736;Rexel - St Dizier;4;;;www.rexel.fr;www.abb.com;2 Rue Albert Schweitzer;52100;Saint-Dizier;Marne (Haute);france;
1001737;Rexel - St Etienne;4;;;www.rexel.fr;www.abb.com;21 Rue Victor Grignard - Zi Montreynaud;42000;Saint-Etienne;Loire;france;
1001738;Rexel - St Gaudens;4;;;www.rexel.fr;www.abb.com;Za De Borde Basse - 1 Rue Philippe Etancelin;31800;Saint-Gaudens;Garonne (Haute);france;
1001739;Rexel - St Gely-Du-Fesc;4;;;www.rexel.fr;www.abb.com;60 Rue De La Tour - Zac Les Verries;34980;Saint-Gely-Du-Fesc;Herault;france;
1001740;Rexel - St Genis Pouilly;4;;;www.rexel.fr;www.abb.com;343 Rue Du Mont Blanc;01630;Saint-Genis-Pouilly;Ain;france;
1001741;Rexel - St Mal;4;;;www.rexel.fr;www.abb.com;2 Rue Saint Fiacre - Zi Sud;35400;Saint-Malo;Ille-et-Vilaine;france;
1001742;Rexel - St Marcel Sur Vernon;4;;;www.rexel.fr;www.abb.com;1 Rue De La Garenne;27950;Saint-Marcel;Eure;france;
1001743;Rexel - St Nazaire;4;;;www.rexel.fr;www.abb.com;4 Boulevard De Leurope;44600;Saint-Nazaire;Loire-Atlantique;france;
1001744;Rexel - St Paul Les Dax;4;;;www.rexel.fr;www.abb.com;Avenue De La Resistance - Route De Bayonne;40990;Saint-Paul-Les-Dax;Landes;france;
1001745;Rexel - Strasbourg Nord;4;;;www.rexel.fr;www.abb.com;22 Rue Des Tuileries - Z.A.C;67460;Souffelweyersheim;Bas-Rhin;france;
1001746;Rexel - Strasbourg Sud;4;;;www.rexel.fr;www.abb.com;67 Rue Du Pont Du Peage;67118;Geispolsheim;Bas-Rhin;france;
1001748;Rexel - Tarare;4;;;www.rexel.fr;www.abb.com;143 Allee Du Bois Recul, Zi Du Mortier;69490;Pontcharra-Sur-Turdine;Rhone;france;
1001749;Rexel - Thiers;4;;;www.rexel.fr;www.abb.com;Lieu Dit Chez Mignot - Chemin Du Beal;63920;Peschadoires;Puy-de-Dome;france;
1001750;Rexel - Thionville;4;;;www.rexel.fr;www.abb.com;8 Rue Chateau Du Gassion - Zi Du Gassion;57100;Thionville;Moselle;france;
1001751;Rexel - Thouars;4;;;www.rexel.fr;www.abb.com;Ave Emile Zola - La Croix Camus;79100;Thouars;Sevres (Deux);france;
1001752;Rexel - Toulon La Garde;4;;;www.rexel.fr;www.abb.com;253 Av Louis Joseph - Lambot;83130;Garde;Var;france;
1001753;Rexel - Toulouse Larrieu;4;;;www.rexel.com;www.abb.com;Avenue De Larrieu;31000;Toulouse;Garonne (Haute);france;
1001754;Rexel - Toulouse Les Minimes;4;;;www.rexel.fr;www.abb.com;131 Chemin Du Sang Du Serp;31200;Toulouse;Garonne (Haute);france;
1001755;Rexel - Trappes;4;;;www.rexel.fr;www.abb.com;Av Jean D'alembert - Parc D'activite Du Pissaloup;78190;Trappes;Yvelines;france;
1001756;Rexel - Troyes Chapelle St Luc Jean Jaures;4;;;www.rexel.fr;www.abb.com;50 Ter Avenue Jean Jaures - La Chapelle St Luc;10600;Chapelle-Saint-Luc;Aube;france;
1001757;Rexel - Tulle;4;;;www.rexel.fr;www.abb.com;Rue Du Dr Ramon - Espace Commercial De Cueille;19000;Tulle;Correze;france;
1001758;Rexel - Valence;4;;;www.rexel.fr;www.abb.com;Za Des Aureats - 55 Avenue De Marseille;26000;Valence;Drome;france;
1001759;Rexel - Valenciennes;4;;;www.rexel.fr;www.abb.com;Rue Elsa Triolet - Zi N 2 Rouvignies;59300;Valenciennes;Nord;france;
1001760;Rexel - Vannes;4;;;www.rexel.fr;www.abb.com;18 Rue Alain Gerbault - Zi Du Prat;56000;Vannes;Morbihan;france;
1001761;Rexel - Vaulx En Velin;4;;;www.rexel.fr;www.abb.com;15 Rue Leonard De Vinci;69120;Vaulx-En-Velin;Rhone;france;
1001762;Rexel - Venelles;4;;;www.rexel.fr;www.abb.com;18 Rue De La Touloubre - Les Logissons;13770;Venelles;Bouches-du-Rhone;france;
1001763;Rexel - Venissieux;4;;;www.rexel.fr;www.abb.com;Parc D'activites Lyon Sud - 4 Rue De L'arsenal;69200;Venissieux;Rhone;france;
1001764;Rexel - Verdun - Belleville Sur Meuse;4;;;www.rexel.fr;www.abb.com;Rue Cugnot - Zae Du Wameau;55430;Belleville-Sur-Meuse;Meuse;france;
1001768;Rexel - Villeneuve D Ascq;4;;;www.rexel.fr;www.abb.com;14 Rue Du Ht De La Cruppe;59650;Villeneuve-D'ascq;Nord;france;
1001769;Rexel - Villeneuve La Garenne;4;;;www.rexel.fr;www.abb.com;9-11 Rue de la Litte;92390;Villeneuve la Garenne;Hauts-de-Seine;france;
1001771;Rexel - Vitre;4;;;www.rexel.fr;www.abb.com;3 Rue Pierre Marie Curie - Za Du Plague;35500;Vitre;Ille-et-Vilaine;france;
1001772;Rexel - Vitrolles;4;;;www.rexel.fr;www.abb.com;35 Avenue De Rome - Zi Les Estroublans;13127;Vitrolles;Bouches-du-Rhone;france;
1001773;Rexel - Voiron;4;;;www.rexel.fr;www.abb.com;46 Faubourg Sermorens;38500;Voiron;Isere;france;
1001774;Rexel - Vougy;4;;;www.rexel.fr;www.abb.com;374 Rue Des Fontaines;74130;Vougy;Savoie (Haute);france;
1001775;Rexel - Wambrechies;4;;;www.rexel.fr;www.abb.com;Zac Du Moulin - 180 Rue De Bondues;59118;Wambrechies;Nord;france;
1001776;REXEL / COAXEL;4;;;www.rexel.fr;www.abb.com;3 Rue Du Coteau;54180;Heillecourt;Meurthe-et-Moselle;france;
1001784;Rexel Amberieu En Bugey;4;;;www.rexel.fr;www.abb.com;Avenue de la Liberation;01500;Amberieu En Bugey;Ain;france;
1001785;REXEL ANNECY;4;;;www.rexel.fr;www.abb.com;6 Avenue Zanaroli - Zi De Barral;74600;Seynod;Savoie (Haute);france;
1001788;Rexel Centre De Competence Eclairage;4;;;www.rexel.fr;www.abb.com;116 Avenue De Chateaudun;41000;Blois;Loir-et-Cher;france;
1001789;Rexel Centre Export LMEI;4;;;www.rexel.com;www.abb.com;9 Rue De La Mouchetiere;45140;Saint Jean De La Ruelle;Loiret;france;
1001790;Rexel Coignieres;4;;;www.rexel.fr;www.abb.com;41 Voie Latteral Sud ( Rn10);78310;Coignieres;Yvelines;france;
1001791;Rexel Collectif - Meaux;4;;;www.rexel.fr;www.abb.com;5 Rue Ampere;77100;Meaux;Seine-et-Marne;france;
1001792;Rexel- Colombes;4;;;www.rexel.fr;www.abb.com;165 Boulevard Valmy - Zac Kleber;92700;Colombes;Hauts-de-Seine;france;
1001793;REXEL COMPTOIR ELECTRIQUE LARRIEU;4;;;www.rexel.fr;www.abb.com;33 avenue de Larrieu Prolongee;31094;Toulouse;Garonne (Haute);france;
1001797;REXEL COUTANCES;4;;;www.rexel.fr;www.abb.com;ZA AUBERGE DE LA MARE 13 Rue des Boissieres;50200;COUTANCES;Manche;france;
1001798;REXEL CROISSY BEAUBOURG;4;;;www.rexel.fr;www.abb.com;26 BLD DE BEAUBOURG;77183;CROISSY BEAUBOURG;Seine-et-Marne;france;
1001800;Rexel Developpement SAS;4;;;www.rexel.com;www.abb.com;12 R Notre Dame Des Victoires;75002;Paris;Paris;france;
1001801;REXEL DV AURA;4;;;www.rexel.fr;www.abb.com;17 Rue Louis Guerin;69100;Villeurbanne;Rhone;france;
1001803;Rexel Estrablin;4;;;www.rexel.fr;www.abb.com;502 Ancienne Route Nationale;38780;Estrablin;Isere;france;
1001804;REXEL Etampes;4;;;www.rexel.fr;www.abb.com;21 Av Grenots;91150;Etampes;Essonne;france;
1001805;REXEL EXPORT LE HAVRE;4;;;www.rexel.fr;www.abb.com;50 rue des Briquetiers;76600;LE HAVRE;Seine-Maritime;france;
1001806;REXEL FACEN EPINAL;4;;;www.rexel.fr;www.abb.com;ZI DU SAUT LE CERF - 8 AVENUE ROSE POIRIER;88000;EPINAL;Vosges;france;
1001807;REXEL Flers;4;;;www.rexel.fr;www.abb.com;Les Monts Richards;61102;Flers;Orne;france;
1001808;Rexel Fontenay;4;;;www.rexel.fr;www.abb.com;174 Avenue Du Marechal De Lattre De Tassigny;94120;Fontenay Sous Bois;Val-de-Marne;france;
1001812;Rexel France;4;;;www.rexel.fr;www.abb.com;3 Rue Alessandro Volta;33700;Merignac;Gironde;france;
1001814;Rexel France;4;;;www.rexel.com;www.abb.com;4, R Du Chateau D'angleterre;67300;Schiltigheim;Bas-Rhin;france;
1001815;Rexel France;4;;;www.rexel.fr;www.abb.com;Rue Jehan de Brie, ZI Nord;77100;Meaux;Seine-et-Marne;france;
1001816;Rexel France;4;;;www.rexel.fr;www.abb.com;4 Rue Vincent Van Gogh;93360;Neuilly Plaisance;Seine-Saint-Denis;france;
1001817;Rexel France;4;;;www.rexel.com;www.abb.com;3 Avenue De L Europe Zi De La Gare Annexe;59280;Armentieres;Nord;france;
1001819;Rexel France;4;;;www.rexel.fr;www.abb.com;14 Rue De La Montjoie;93210;La Plaine;Seine-Saint-Denis;france;
1001821;Rexel France;4;;;www.rexel.fr;www.abb.com;15 Rue Olympe de Gouges;44800;Saint Herblain;Loire-Atlantique;france;
1001822;Rexel France;4;;;www.rexel.fr;www.abb.com;Parc dactivite Fortuneau Chemin de Fortuneau;26200;Montelimar;Drome;france;
1001824;Rexel France;4;;;www.rexel.com;www.abb.com;4 Avenue Charles Lindbergh;33700;Merignac;Gironde;france;
1001825;Rexel France;4;;;www.rexel.com;www.abb.com;30 Boulevard De Beaubourg;77183;Croissy Beaubourg;Seine-et-Marne;france;
1001826;REXEL FRANCE CESTAS;4;;;www.rexel.fr;www.abb.com;4 CHEMIN DE SAINT ELOI DE NOYON ZA JARRY;33610;CESTAS;Gironde;france;
1001827;REXEL FRANCE IDF CENTRE;4;;;www.rexel.com;www.abb.com;6 Rue Paul Cezanne;93365;Neuilly Plaisance;Seine-Saint-Denis;france;
1001828;Rexel France idfc clr Marne Vallee;4;;;www.rexel.fr;www.abb.com;28 Blvd De Beaubourg;77183;Croissy Beaubourg;Seine-et-Marne;france;
1001829;Rexel France idfc clr Meung S loire;4;;;www.rexel.fr;www.abb.com;Zac Synergie Val De Loire, 1a Avenue;45130;Meung Sur Loire;Loiret;france;
1001830;Rexel France Miramas;4;;;www.rexel.com;www.abb.com;1 Rue Du Comte De La Perouse;13140;Miramas;Bouches-du-Rhone;france;
1001832;Rexel France Nord Est;4;;;www.rexel.com;www.abb.com;110 Avenue De Flandre;59920;Wasquehal;Nord;france;
1001834;Rexel France Rexel;4;;;www.rexel.fr/;www.abb.com;32 Rue de la Liberte;52000;Chaumont;Marne (Haute);france;
1001836;Rexel France SAS;4;;;www.rexel.fr;www.abb.com;47 r Jules Verne;63100;Clermont Ferrand;Puy-de-Dome;france;
1001839;Rexel Hyeres;4;;;www.rexel.fr;www.abb.com;758 Chemin de la Source;83400;Hyres;Var;france;
1001855;Rexel La Courneuve;4;;;https://www.rexel.fr;www.abb.com;75 Rue Rateau;93120;La Courneuve;Seine-Saint-Denis;france;
1001856;REXEL LE CREUSOT;4;;;www.rexel.fr;www.abb.com;1 RUE BAPTISTE MARCET - PORTE MAGENTA;71200;LE CREUSOT;Saone-et-Loire;france;
1001857;REXEL Marseille Est;4;;;www.rexel.fr;www.abb.com;41 Rue De Gustave Eiffel;13010;Marseille;Bouches-du-Rhone;france;
1001858;REXEL Melun;4;;;portail.rexel.fr;www.abb.com;4 RUE DE LA PLAINE DE LA CROIX BESNARD;77000;Melun;Paris;france;
1001859;REXEL MONTPELLIER;4;;;www.rexel.fr;www.abb.com;555 RUE DE L'INDUSTRIE;34000;MONTPELLIER;Herault;france;
1001860;REXEL Morin St Dizier;4;;;www.rexel.fr;www.abb.com;8 Rue Malgras;52100;St Dizier;Marne (Haute);france;
1001861;Rexel Nanterre;4;;;https://portail.rexel.fr/agences;www.abb.com;14/24 rue des Agglomeres;92000;Nanterre;Hauts-de-Seine;france;
1001863;REXEL NEUVILETTE REIMS;4;;;www.rexel.fr;www.abb.com;RUE LOUIS VEREL ZA LA NEUVILLETTE;51100;REIMS;Marne;france;
1001865;REXEL Nogent Le Rotrou;4;;;www.rexel.fr;www.abb.com;111 Rue De La Bretonnerie;28400;Nogent Le Rotrou;Eure-et-Loir;france;
1001866;Rexel Nord;4;;;www.rexel.fr;www.abb.com;Zac Du Grand Cottignies, 2 Rue Konrad Adenauer;59290;Wasquehal;Nord;france;
1001867;REXEL PALAISEAU;4;;;www.rexel.fr;www.abb.com;9 RUE SALVADOR ALLENDE;91120;PALAISEAU;Essonne;france;
1001869;REXEL ROMANS SUR ISERE;4;;;www.rexel.fr;www.abb.com;Avenue de la Deportation;26100;ROMANS SUR ISERE;Drome;france;
1001870;Rexel Saint Egreve;4;;;www.rexel.fr;www.abb.com;2 Rue Des PlatanesZAC Vence Ecoparc;38120;Saint Egreve;Isere;france;
1001871;REXEL SAINT ETIENNE;4;;;www.rexel.fr;www.abb.com;21 Rue Victor Grignard;42000;ST ETIENNE;Loire;france;
1001873;Rexel Salaise Sur Sanne;4;;;www.rexel.fr;www.abb.com;132 Rue des glieres ZI champ Rolland 38150;38150;Salaise sur sanne;Isere;france;
1001874;Rexel Sisteron;4;;;www.rexel.fr;www.abb.com;Za La Meteline Chemin De La Maubuissonne;04200;Sisteron;Alpes (Hte-Provence);france;
1001920;REXEL SRP IDF CLR MARNE LA VALLEE;4;;;www.rexel.fr;www.abb.com;30 BD BEAUBOURG;77183;CROISSY BEAUBOURG;Seine-et-Marne;france;
1001922;REXEL THONON;4;;;www.rexel.fr;www.abb.com;4 AVENUE DU CLOS ROUGE;74200;THONON LES BAINS;Savoie (Haute);france;
1001923;Rexel Valenton;4;;;www.rexel.fr;www.abb.com;4 Rue Ferme De La Tour, Zac Du Val Pompadour 2;94460;Valenton;Val-de-Marne;france;
1001924;REXEL VICHY;4;;;www.rexel.fr;www.abb.com;32 rue Ampere - ZI Cusset;03300;VICHY;Allier;france;
1001925;Rexel Villabe;4;;;www.rexel.fr;www.abb.com;5 rue des Petits Champs;91100;Villabe;Paris;france;
1001940;SA CEF YESSS ELECTRIQUE CARPIQUET ZI OUEST;4;;;www.yesss-fr.com;www.abb.com;2 BIS RUE DES MONDERAINES;14650;CARPIQUET;Calvados;france;
1001943;SALENTEY AMIENS;4;;;www.salentey.fr;www.abb.com;1 RUE DU WAGE;60000;Beauvais;Oise;france;
1001946;SAMSE;4;;;www.samse.fr;www.abb.com;2 Rue Raymond Pitet;38100;Grenoble;Isere;france;
1001947;Sanelec;4;;;www.sanelec.fr;www.abb.com;6 RUE HENRI LELARGE;51100;Reims;Marne;france;
1001955;Sas Siehr;4;;;www.siehr.fr;www.abb.com;37 Avenue Du Rhin;67100;Strasbourg;Bas-Rhin;france;
1001957;SC GM Diff (Diffusion);4;;;;www.abb.com;152 Rue De Paris;92190;Meudon;Hauts-de-Seine;france;
1001960;Sc Sas - Yesss Electrique - Bourg En Bresse;4;;;www.yesss-fr.com;www.abb.com;Rond Point Des Crets;01000;Bourg-en-Bresse;Ain;france;
1001963;Sc Sas - Yesss Electrique - Gerland;4;;;www.yesss-fr.com;www.abb.com;14 Rue Crepet;69007;Lyon;Rhone;france;
1001967;Sc Sas Cef Caen Ag 96;4;;;www.yesss-fr.com;www.abb.com;Cef Dr Normandie Rue Jean Monnet-Zi De Lazzaro;89100;St Clement;Yonne;france;
1001974;SC SAS CEF METZ AG;4;;;www.yesss-fr.com;www.abb.com;114-116 ROUTE DE THIONVILLE;57140;WOIPPY;Moselle;france;
1001976;SC SAS CEF ST GENIS AG 281;4;;;www.yesss-fr.com;www.abb.com;54 RUE DU TIOCAN;01630;SAINT GENIS POUILLY;Ain;france;
1001978;SC SAS CEF YESSS ELECTRIQUE LE HAVRE;4;;;www.yesss-fr.com;www.abb.com;SERI PARC - AVENUE DU CANTIPOU - R.N. 15 BATIMENT 3 - NO 33;76700;HARFLEUR;Seine-Maritime;france;
1001980;SC SAS CEF-YESSS ELECT LIMONEST;4;;;www.cef-fr.com;www.abb.com;111 Chemin Bruyere;69760;Limonest;Rhone;france;
1001981;SC SAS -YESSS ELECTRIQUE Montlhery;4;;;;www.abb.com;31 rue du Pont Aux Pins;91310;Montlhery;Rhone;france;
1001982;SC SAS -YESSS ELECTRIQUE Villeneuve la Garenne;4;;;www.yesss-fr.com;www.abb.com;32 34 Avenue Marc Sangnier;92390;Villeneuve la Garenne;Rhone;france;
1001984;Schmit Saica;4;;;www.schmit-industrie.fr;www.abb.com;5 Rue Du Maillet;57100;Thionville;Moselle;france;
1001989;Sct Dax;4;;;www.rexel.fr;www.abb.com;30 Route Des Pyrenees;40180;Narrosse;Landes;france;
1002013;SNE - BALTZINGER WITTENHEIM;4;;;www.sonepar.com;www.abb.com;2 RUE JEAN MONNET;68270;WITTENHEIM;Haut-Rhin;france;
1002024;Sne Sanelec Dunkerque;4;;;www.sanelec.fr;www.abb.com;Rue de l Albeck, ZI Petite Synthe;59640;Dunkerque;Nord;france;
1002040;SOCOLEC - LE MANS;4;;;www.socolec.com;www.abb.com;58 Boulevard Pierre Lefaucheux;72025;LE MANS;Sarthe;france;
1002050;Soditelem Bergerac;4;;;www.soditelem.fr;www.abb.com;1 Rue Roque, Zone commerciale Laroque;24100;Creysse;Dordogne;france;
1002065;Sonapro;4;;;www.sonepar.com;www.abb.com;18 Quai Du Point Du Jour 18-20;92100;Boulogne Billancourt;Hauts-de-Seine;france;
1002066;SONAPRO CESTAS;4;;;www.sonepar.com;www.abb.com;ZONE D'ACTIVITES DU POT EN PIN 2 CHEMIN DE CRUQUE PIGNON;33610;CESTAS;Gironde;france;
1002067;SONAPRO LE PONTET;4;;;www.sonepar.com;www.abb.com;2700 ROUTE DE SORGUES LIEU DIT PERIGORD NORD;84130;LE PONTET;Vaucluse;france;
1002068;Sonepar;4;;;www.sonepar.com;www.abb.com;ZA la Carretiere;04130;Volx;Alpes (Hte-Provence);france;
1002069;Sonepar;4;;;www.sonepar.com;www.abb.com;161 Rue Des Industries ZI;50100;Cherbourg En Contentin;Manche;france;
1002070;Sonepar;4;;;www.sonepar.com;www.abb.com;51 Boulevard Devaux;78300;Poissy;Yvelines;france;
1002080;SONEPAR CONNECT;4;;;www.sonepar.fr;www.abb.com;120 rue Bernard Palissy;62750;Loos en Gohelle;Pas-de-Calais;france;
1002083;Sonepar connect Courbevoie;4;;;www.sonepar.fr;www.abb.com;29 rue Bitche;92400;Courbevoie;Hauts-de-Seine;france;
1002086;sonepar connect Mougins;4;;;www.sonepar.fr;www.abb.com;609, Route de la Roquette;06250;Mougins;Alpes-Maritimes;france;
1002089;Sonepar Connect Toulouse Sept Deniers;4;;;www.sonepar.fr;www.abb.com;3 Rue de l'Egalite;31200;Toulouse;Garonne (Haute);france;
1002090;Sonepar France Grand Public;4;;;www.sonepar.com;www.abb.com;805 Rue Des Chataigniers;45770;Saran;Loiret;france;
1002091;Sonepar France Grand Public;4;;;www.sonepar.com;www.abb.com;8 Chemin Du Bois Des Cotes;69530;Brignais;Rhone;france;
1002092;Sonepar France Interservice;4;;;www.sonepar.com;www.abb.com;1 3 Rue Eugene Varlin;92240;Malakoff;Hauts-de-Seine;france;
1002098;Sonepar Ile De France;4;;;www.francobelgeelec.com;www.abb.com;13 Rue Clement Ader -Zi Des Ciroliers;91700;Fleury Merogis;Essonne;france;
1002099;Sonepar Ile-De-France;4;;;www.sonepar.com;www.abb.com;20 Boulevard Du Havre;95220;Herblay;Val-d'Oise;france;
1002103;Sonepar Mediterranee Plateforme;4;;;www.sonepar.com;www.abb.com;Lieu Dit Perigord Nord 2700 Route De Sorgues;84130;Le Pontet;Vaucluse;france;
1002105;Sonepar Nord Est - Plateforme Ariane;4;;;www.sonepar.com;www.abb.com;RUE MARCEL PAUL ZAC DE LA VALLEE;02100;St Quentin;Aisne;france;
1002108;SONEPAR OUEST;4;;;www.sonepar.fr;www.abb.com;Parc Oceane - 1-13, Rue Georges Charpak.;44400;Reze;Loire-Atlantique;france;
1002110;Sonepar Region - Mediterranee;4;;;www.sonepar.com;www.abb.com;34, bvd De L`europe;13127;Vitrolles;Bouches-du-Rhone;france;
1002111;SONEPAR RHONE-ALPES;4;;;www.sonepar.fr;www.abb.com;112, AVENUE JEAN JAURES;69007;LYON;Rhone;france;
1002148;Sonepar Sud Est / Lyon Elec Gerland;4;;;www.sonepar.fr;www.abb.com;120 Avenue Jean Jaures;69007;Lyon;Rhone;france;
1002150;Sonepar Sud Est / Sdme Beaune;4;;;www.sonepardis.fr;www.abb.com;Rue Louis Et Gaston Chevrolet;21200;BEAUNE;Cote-d'Or;france;
1002153;Sonepar Sud Est / Sdme Varenne Vauzelles;4;;;www.sonepar.com;www.abb.com;Rue Jacques Duclos -Za Le Champ Male;58640;Varennes-Vauzelles;Nievre;france;
1002157;Sonepar Sud Ouest Plateforme Sonepar Cestas;4;;;www.esso.fr;www.abb.com;Domaine Du Pot Au Pin Ii Chemin De Cruque Pignon;33610;Cestas;Hauts-de-Seine;france;
1002178;STE COAXEL TOULOUSAINE CAHORS CAHORS AG 26;4;;;www.rexel.fr;www.abb.com;Regourd;46000;CAHORS;Lot;france;
1002179;STE COAXEL TOULOUSAINE CASTRES CASTRES;4;;;www.rexel.fr;www.abb.com;20 CHEMIN DE LABESCOU;81100;CASTRES;Tarn;france;
1002182;STE COAXEL TOULOUSAINE PERPIGNAN PERPIGNAN AG 5;4;;;www.rexel.fr;www.abb.com;6 Rue Eugene Bourdon;66100;PERPIGNAN;Pyrenees-Orientales;france;
1002183;STE COAXEL TOULOUSAINE ROYAN ROYAN AG 38;4;;;www.rexel.fr;www.abb.com;18 RUE LEPINE;17200;ROYAN;Charente-Maritime;france;
1002191;Ste Dijonnaise Materiel Electrique;4;;;www.sdme-grossiste.fr;www.abb.com;Rue Jacques Duclos;58640;Varennes Vauzelles;Nievre;france;
1002197;SUDELEC;4;;;www.cotrelec.com;www.abb.com;190 Rue Marcelle Isoard;13090;Aix En Provence;Bouches-du-Rhone;france;
1002227;TAPROGGE;4;;;www.taprogge.de;www.abb.com;36 Rue Diderot;78800;Houilles;Yvelines;france;
1002248;TEREVA;4;;;www.tereva.fr;www.abb.com;18 Avenue Arsene D'arsonval;01000;Bourg En Bresse;Ain;france;
1002308;YESSS;4;;;www.yesss-fr.com;www.abb.com;24 Rue Pierre Nobel - ZA;45700;Villemandeur;Ain;france;
1002313;YESSS BILLERE;4;;;https://www.yesss-fr.com;www.abb.com;13 Avenue des Freres Montgolfier;64143;Billere;Pyrenees-Atlantiques;france;
1002319;YESSS DR nouvelle Aquitaine Sud;4;;;www.yesss-fr.com;www.abb.com;7 Rue de l'Oustalot;64600;Anglet;Pyrenees-Atlantiques;france;
1002322;YESSS Electrique;4;;;www.yesss-fr.com;www.abb.com;74 Rue De Champ Roman;38400;Saint Martin D'heres;Isere;france;
1002325;YESSS Electrique;4;;;www.yesss-fr.com;www.abb.com;Allee Gutenberg;33370;Artigues Pres Bordeaux;Gironde;france;
1002341;YESSS Electrique;4;;;www.yesss-fr.com;www.abb.com;10 Rue Jean Nicot;45140;Saint Jean De La Ruelle;Loiret;france;
1002344;YESSS Electrique;4;;;www.yesss-fr.com;www.abb.com;1 Rue Charles Cros;95320;Saint Leu La Foret;Val-d'Oise;france;
1002354;YESSS Electrique;4;;;www.yesss-fr.com;www.abb.com;Avenue De La Gironde;59640;Dunkerque;Nord;france;
1002358;YESSS Electrique;4;;;www.yesss-fr.com;www.abb.com;3 Rue Rene Sainson;06600;Nice;Alpes-Maritimes;france;
1002362;YESSS Electrique;4;;;www.yesss-fr.com;www.abb.com;Rue du preche;04100;Manosque;Alpes (Hte-Provence);france;
1002373;YESSS Electrique;4;;;www.yesss-fr.com;www.abb.com;11 Rue Denis Papin;03000;Moulins;Allier;france;
1002375;YESSS Electrique;4;;;www.yesss-fr.com;www.abb.com;Vertzac des Hauteurs du Loing, 27 chemin des Mazes;77140;Nemours;Seine-et-Marne;france;
1002376;YESSS Electrique;4;;;www.yesss-fr.com;www.abb.com;10 Rue de l'Oseraie;35510;Cesson-Sevigne;Ille-et-Vilaine;france;
1002386;YESSS Electrique;4;;;www.yesss-fr.com;www.abb.com;866 Route Nationale 7 Immeuble Marina Airport;06270;Villeneuve Loubet;Alpes-Maritimes;france;
1002388;YESSS Electrique;4;;;www.yesss-fr.com;www.abb.com;48 Rue Pierre Curie;78370;Plaisir;Yvelines;france;
1002402;YESSS Electrique;4;;;www.yesss-fr.com;www.abb.com;19 Avenue Des Freres Montgolfier;64140;Lons;Pyrenees-Atlantiques;france;
1002410;YESSS Electrique;4;;;www.yesss-fr.com;www.abb.com;137 Rue De La Croix De Monjous;33170;Gradignan;Gironde;france;
1002413;YESSS Electrique;4;;;www.yesss-fr.com;www.abb.com;16-18 Route De Paris;77340;Pontault Combault;Seine-et-Marne;france;
1002418;YESSS Electrique;4;;;www.yesss-fr.com;www.abb.com;Rue Clement Ader;59118;Wambrechies;Nord;france;
1002423;YESSS Electrique;4;;;www.yesss-fr.com;www.abb.com;1 Rue Des Vieilles Granges;78410;Aubergenville;Yvelines;france;
1002427;Yesss electrique;4;;;www.yesss-fr.com;www.abb.com;11 Chemin de la Charette;73200;Albertville;Savoie;france;
1002431;YESSS Electrique;4;;;www.yesss-fr.com;www.abb.com;42 Avenue Du Lioran;15100;Saint Flour;Cantal;france;
1002436;YESSS Electrique;4;;;www.yesss-fr.com;www.abb.com;4 Bis Rue Jules Pasdeloup;28100;Dreux;Eure-et-Loir;france;
1002437;YESSS Electrique;4;;;www.yesss-fr.com;www.abb.com;Avenue De L'Epinette;59113;Seclin;Nord;france;
1002440;YESSS Electrique;4;;;www.yesss-fr.com;www.abb.com;46 ROUTE DE LILLE;59113;SECLIN;Nord;france;
1002442;YESSS Electrique;4;;;www.yesss-fr.com;www.abb.com;Boulevard Henri Dunant;90000;Belfort;Territ.-de-Belfort;france;
1002443;YESSS Electrique;4;;;www.yesss-fr.com;www.abb.com;155 rue Medhi Ben Berka;34070;Montpellier;Herault;france;
1002452;YESSS Electrique;4;;;www.yesss-fr.com;www.abb.com;22 Avenue Des Allobroges;26100;Romans Sur Isere;Drome;france;
1002469;YESSS Electrique;4;;;www.yesss-fr.com;www.abb.com;83 Avenue De L epinette;77100;Meaux;Seine-et-Marne;france;
1002485;YESSS Electrique;4;;;www.yesss-fr.com;www.abb.com;33, Chemin De Rougemont;39100;Foucherans;Jura;france;
1002486;YESSS Electrique;4;;;www.yesss-fr.com;www.abb.com;Rue Victor Lemarchand;50300;St Senier Sous Avranches;Manche;france;
1002488;YESSS Electrique;4;;;www.yesss-fr.com;www.abb.com;131 Boulevard Voltaire;75011;PARIS 11eme;Paris;france;
1002495;YESSS ELECTRIQUE;4;;;https://www.yesss-fr.com/;www.abb.com;17, Boulevard e l'Industrie.Cellule 3;49000;Ecouflant;Maine-et-Loire;france;
1002503;YESSS Electrique Bayonne;4;;;www.yesss-fr.com;www.abb.com;4 Chemin de Trouillet;64100;Bayonne;Pyrenees-Atlantiques;france;
1002504;YESSS ELECTRIQUE BEZIER;4;;;www.yesss-fr.com;www.abb.com;3 RUE SAINT VICTOR;34420;VILLENEUVE LES BEZIERS;Herault;france;
1002505;YESSS Electrique Brest;4;;;https://www.yesss-fr.com;www.abb.com;18 rue Henri Becquerel;29490;Guipavas;Finistere;france;
1002507;YESSS Electrique Charleville Meziere;4;;;www.yesss-fr.com;www.abb.com;Rue de la Poterie;08000;Prix-les-Mezieres;Ardennes;france;
1002508;YESSS ELECTRIQUE CLUSES;4;;;www.yesss-fr.com;www.abb.com;Rue de la Pointe Cupoire;74300;Cluses;Savoie (Haute);france;
1002523;YESSS EVRY LISSES;4;;;https://www.yesss-fr.com;www.abb.com;5 rue du Velay;91090;LISSES;Essonne;france;
1002529;YESSS MAINE-NORMANDIE;4;;;www.yesss-fr.com/;www.abb.com;261 Rue AmpereZA de la petite lande;50380;SAINT PAIR SUR MER;Manche;france;
1002540;YESSS TAIN;4;;;https://www.yesss-fr.com/;www.abb.com;1800 route du dauphine;26600;LA ROCHE DE GLUN;Drome;france;
